case_id,f,alpha,sample,r_m,g_QW_m_s2,g_PREM_GR_m_s2,delta_g_m_s2,relative_g_PREM_GR,g_previous_point_Newton_m_s2,relative_QW_to_previous_point_Newton,P_QW_Pa,pressure_resolution_relative_change
0,0.0,,surface,6371000.0,9.820302300221863,9.820302300221863,0.0,0.0,9.820302293385641,6.961315497946735e-10,0.0,0.0
0,0.0,,0_9R,5733900.0,10.01395872123657,10.01395872123657,0.0,0.0,10.013958713633524,7.592447224790701e-10,22527181141.621197,0.0
0,0.0,,0_75R,4778250.0,9.937048674460394,9.937048674460394,0.0,0.0,9.937048666240814,8.27165082876099e-10,66601121506.26148,0.0
0,0.0,,0_5R,3185500.0,10.016605385132197,10.016605385132197,0.0,0.0,10.016605376621149,8.496938380284253e-10,166680631645.66864,0.0
0,0.0,,0_25R,1592750.0,5.53515495652306,5.53515495652306,0.0,0.0,5.535154951421062,9.217443739189165e-10,306726759547.0442,0.0
0,0.0,,0_1R,637100.0,2.321440956810125,2.321440956810125,0.0,0.0,2.3214409546654244,9.238660207795593e-10,354306643945.815,0.0
0,0.0,,100km,100000.0,0.3658220012971751,0.3658220012971751,0.0,0.0,0.36582200095759226,9.282734798380516e-10,363731551615.43555,0.0
0,0.0,,1000km,1000000.0,3.622066255311912,3.622066255311912,0.0,0.0,3.6220662519898026,9.17186220028579e-10,340349402266.6503,0.0
1,1e-10,1.001,surface,6371000.0,9.82030230022186,9.820302300221863,-3.552713678800501e-15,-3.617723334973341e-16,9.820302293385641,6.961311880223398e-10,0.0,0.0
1,1e-10,1.001,0_9R,5733900.0,10.013958721447558,10.01395872123657,2.1098855995660415e-10,2.10694457436859e-11,10.01395871384451,7.592450772392196e-10,22527181139.59975,0.0
1,1e-10,1.001,0_75R,4778250.0,9.937048675212521,9.937048674460394,7.5212724937046e-10,7.568919847434504e-11,9.937048666992942,8.271650828134914e-10,66601121501.88673,0.0
1,1e-10,1.001,0_5R,3185500.0,10.016605388058657,10.016605385132197,2.926460851426782e-09,2.921609406486726e-10,10.016605379547608,8.496940151213802e-10,166680631648.42554,0.0
1,1e-10,1.001,0_25R,1592750.0,5.535154971682029,5.53515495652306,1.5158969191020333e-08,2.7386711501465404e-09,5.535154966580031,9.217445318559085e-10,306726759664.7805,0.0
1,1e-10,1.001,0_1R,637100.0,2.3214410547810034,2.321440956810125,9.797087852092545e-08,4.220261481711192e-08,2.3214410526363034,9.238657904910601e-10,354306644532.4874,0.0
1,1e-10,1.001,100km,100000.0,0.36582598728603877,0.3658220012971751,3.985988863641765e-06,1.0895979054042053e-05,0.36582598694645607,9.282629102739833e-10,363731556593.0684,0.0
1,1e-10,1.001,1000km,1000000.0,3.62206629480996,3.622066255311912,3.9498047943453685e-08,1.0904838608495397e-08,3.6220662914878505,9.171862100268114e-10,340349402562.13904,0.0
2,1e-10,1.005,surface,6371000.0,9.82030230022186,9.820302300221863,-3.552713678800501e-15,-3.617723334973341e-16,9.820302293385641,6.961311880223398e-10,0.0,0.0
2,1e-10,1.005,0_9R,5733900.0,10.013958721447558,10.01395872123657,2.1098855995660415e-10,2.10694457436859e-11,10.01395871384451,7.592450772392196e-10,22527181139.59975,0.0
2,1e-10,1.005,0_75R,4778250.0,9.937048675212521,9.937048674460394,7.5212724937046e-10,7.568919847434504e-11,9.937048666992942,8.271650828134914e-10,66601121501.88673,0.0
2,1e-10,1.005,0_5R,3185500.0,10.016605388058657,10.016605385132197,2.926460851426782e-09,2.921609406486726e-10,10.016605379547608,8.496940151213802e-10,166680631648.42554,0.0
2,1e-10,1.005,0_25R,1592750.0,5.535154971682029,5.53515495652306,1.5158969191020333e-08,2.7386711501465404e-09,5.535154966580031,9.217445318559085e-10,306726759664.7805,0.0
2,1e-10,1.005,0_1R,637100.0,2.3214410547810034,2.321440956810125,9.797087852092545e-08,4.220261481711192e-08,2.3214410526363034,9.238657904910601e-10,354306644532.4874,0.0
2,1e-10,1.005,100km,100000.0,0.36582598728603877,0.3658220012971751,3.985988863641765e-06,1.0895979054042053e-05,0.36582598694645607,9.282629102739833e-10,363731556593.0684,0.0
2,1e-10,1.005,1000km,1000000.0,3.62206629480996,3.622066255311912,3.9498047943453685e-08,1.0904838608495397e-08,3.6220662914878505,9.171862100268114e-10,340349402562.13904,0.0
3,1e-10,1.01,surface,6371000.0,9.82030230022186,9.820302300221863,-3.552713678800501e-15,-3.617723334973341e-16,9.820302293385641,6.961311880223398e-10,0.0,0.0
3,1e-10,1.01,0_9R,5733900.0,10.013958721447558,10.01395872123657,2.1098855995660415e-10,2.10694457436859e-11,10.01395871384451,7.592450772392196e-10,22527181139.59975,0.0
3,1e-10,1.01,0_75R,4778250.0,9.937048675212521,9.937048674460394,7.5212724937046e-10,7.568919847434504e-11,9.937048666992942,8.271650828134914e-10,66601121501.88673,0.0
3,1e-10,1.01,0_5R,3185500.0,10.016605388058657,10.016605385132197,2.926460851426782e-09,2.921609406486726e-10,10.016605379547608,8.496940151213802e-10,166680631648.42554,0.0
3,1e-10,1.01,0_25R,1592750.0,5.535154971682029,5.53515495652306,1.5158969191020333e-08,2.7386711501465404e-09,5.535154966580031,9.217445318559085e-10,306726759664.7805,0.0
3,1e-10,1.01,0_1R,637100.0,2.3214410547810034,2.321440956810125,9.797087852092545e-08,4.220261481711192e-08,2.3214410526363034,9.238657904910601e-10,354306644532.4874,0.0
3,1e-10,1.01,100km,100000.0,0.36582598728603877,0.3658220012971751,3.985988863641765e-06,1.0895979054042053e-05,0.36582598694645607,9.282629102739833e-10,363731556593.0684,0.0
3,1e-10,1.01,1000km,1000000.0,3.62206629480996,3.622066255311912,3.9498047943453685e-08,1.0904838608495397e-08,3.6220662914878505,9.171862100268114e-10,340349402562.13904,0.0
4,1e-10,1.1,surface,6371000.0,9.82030230022186,9.820302300221863,-3.552713678800501e-15,-3.617723334973341e-16,9.820302293385641,6.961311880223398e-10,0.0,0.0
4,1e-10,1.1,0_9R,5733900.0,10.013958721447558,10.01395872123657,2.1098855995660415e-10,2.10694457436859e-11,10.01395871384451,7.592450772392196e-10,22527181139.59975,0.0
4,1e-10,1.1,0_75R,4778250.0,9.937048675212521,9.937048674460394,7.5212724937046e-10,7.568919847434504e-11,9.937048666992942,8.271650828134914e-10,66601121501.88673,0.0
4,1e-10,1.1,0_5R,3185500.0,10.016605388058657,10.016605385132197,2.926460851426782e-09,2.921609406486726e-10,10.016605379547608,8.496940151213802e-10,166680631648.42554,0.0
4,1e-10,1.1,0_25R,1592750.0,5.535154971682029,5.53515495652306,1.5158969191020333e-08,2.7386711501465404e-09,5.535154966580031,9.217445318559085e-10,306726759664.7805,0.0
4,1e-10,1.1,0_1R,637100.0,2.3214410547810034,2.321440956810125,9.797087852092545e-08,4.220261481711192e-08,2.3214410526363034,9.238657904910601e-10,354306644532.4874,0.0
4,1e-10,1.1,100km,100000.0,0.36582598728603877,0.3658220012971751,3.985988863641765e-06,1.0895979054042053e-05,0.36582598694645607,9.282629102739833e-10,363731556593.0684,0.0
4,1e-10,1.1,1000km,1000000.0,3.62206629480996,3.622066255311912,3.9498047943453685e-08,1.0904838608495397e-08,3.6220662914878505,9.171862100268114e-10,340349402562.13904,0.0
5,1e-10,1.2042013330037094,surface,6371000.0,9.82030230022186,9.820302300221863,-3.552713678800501e-15,-3.617723334973341e-16,9.820302293385641,6.961311880223398e-10,0.0,0.0
5,1e-10,1.2042013330037094,0_9R,5733900.0,10.013958721447558,10.01395872123657,2.1098855995660415e-10,2.10694457436859e-11,10.01395871384451,7.592450772392196e-10,22527181139.59975,0.0
5,1e-10,1.2042013330037094,0_75R,4778250.0,9.937048675212521,9.937048674460394,7.5212724937046e-10,7.568919847434504e-11,9.937048666992942,8.271650828134914e-10,66601121501.88673,0.0
5,1e-10,1.2042013330037094,0_5R,3185500.0,10.016605388058657,10.016605385132197,2.926460851426782e-09,2.921609406486726e-10,10.016605379547608,8.496940151213802e-10,166680631648.42554,0.0
5,1e-10,1.2042013330037094,0_25R,1592750.0,5.535154971682029,5.53515495652306,1.5158969191020333e-08,2.7386711501465404e-09,5.535154966580031,9.217445318559085e-10,306726759664.7805,0.0
5,1e-10,1.2042013330037094,0_1R,637100.0,2.3214410547810034,2.321440956810125,9.797087852092545e-08,4.220261481711192e-08,2.3214410526363034,9.238657904910601e-10,354306644532.4874,0.0
5,1e-10,1.2042013330037094,100km,100000.0,0.36582598728603877,0.3658220012971751,3.985988863641765e-06,1.0895979054042053e-05,0.36582598694645607,9.282629102739833e-10,363731556593.0684,0.0
5,1e-10,1.2042013330037094,1000km,1000000.0,3.62206629480996,3.622066255311912,3.9498047943453685e-08,1.0904838608495397e-08,3.6220662914878505,9.171862100268114e-10,340349402562.13904,0.0
6,1e-10,1.2163649828320298,surface,6371000.0,9.82030230022186,9.820302300221863,-3.552713678800501e-15,-3.617723334973341e-16,9.820302293385641,6.961311880223398e-10,0.0,0.0
6,1e-10,1.2163649828320298,0_9R,5733900.0,10.013958721447558,10.01395872123657,2.1098855995660415e-10,2.10694457436859e-11,10.01395871384451,7.592450772392196e-10,22527181139.59975,0.0
6,1e-10,1.2163649828320298,0_75R,4778250.0,9.937048675212521,9.937048674460394,7.5212724937046e-10,7.568919847434504e-11,9.937048666992942,8.271650828134914e-10,66601121501.88673,0.0
6,1e-10,1.2163649828320298,0_5R,3185500.0,10.016605388058657,10.016605385132197,2.926460851426782e-09,2.921609406486726e-10,10.016605379547608,8.496940151213802e-10,166680631648.42554,0.0
6,1e-10,1.2163649828320298,0_25R,1592750.0,5.535154971682029,5.53515495652306,1.5158969191020333e-08,2.7386711501465404e-09,5.535154966580031,9.217445318559085e-10,306726759664.7805,0.0
6,1e-10,1.2163649828320298,0_1R,637100.0,2.3214410547810034,2.321440956810125,9.797087852092545e-08,4.220261481711192e-08,2.3214410526363034,9.238657904910601e-10,354306644532.4874,0.0
6,1e-10,1.2163649828320298,100km,100000.0,0.36582598728603877,0.3658220012971751,3.985988863641765e-06,1.0895979054042053e-05,0.36582598694645607,9.282629102739833e-10,363731556593.0684,0.0
6,1e-10,1.2163649828320298,1000km,1000000.0,3.62206629480996,3.622066255311912,3.9498047943453685e-08,1.0904838608495397e-08,3.6220662914878505,9.171862100268114e-10,340349402562.13904,0.0
7,1e-10,1.2285286326603502,surface,6371000.0,9.82030230022186,9.820302300221863,-3.552713678800501e-15,-3.617723334973341e-16,9.820302293385641,6.961311880223398e-10,0.0,0.0
7,1e-10,1.2285286326603502,0_9R,5733900.0,10.013958721447558,10.01395872123657,2.1098855995660415e-10,2.10694457436859e-11,10.01395871384451,7.592450772392196e-10,22527181139.59975,0.0
7,1e-10,1.2285286326603502,0_75R,4778250.0,9.937048675212521,9.937048674460394,7.5212724937046e-10,7.568919847434504e-11,9.937048666992942,8.271650828134914e-10,66601121501.88673,0.0
7,1e-10,1.2285286326603502,0_5R,3185500.0,10.016605388058657,10.016605385132197,2.926460851426782e-09,2.921609406486726e-10,10.016605379547608,8.496940151213802e-10,166680631648.42554,0.0
7,1e-10,1.2285286326603502,0_25R,1592750.0,5.535154971682029,5.53515495652306,1.5158969191020333e-08,2.7386711501465404e-09,5.535154966580031,9.217445318559085e-10,306726759664.7805,0.0
7,1e-10,1.2285286326603502,0_1R,637100.0,2.3214410547810034,2.321440956810125,9.797087852092545e-08,4.220261481711192e-08,2.3214410526363034,9.238657904910601e-10,354306644532.4874,0.0
7,1e-10,1.2285286326603502,100km,100000.0,0.36582598728603877,0.3658220012971751,3.985988863641765e-06,1.0895979054042053e-05,0.36582598694645607,9.282629102739833e-10,363731556593.0684,0.0
7,1e-10,1.2285286326603502,1000km,1000000.0,3.62206629480996,3.622066255311912,3.9498047943453685e-08,1.0904838608495397e-08,3.6220662914878505,9.171862100268114e-10,340349402562.13904,0.0
8,1e-10,1.5,surface,6371000.0,9.82030230022186,9.820302300221863,-3.552713678800501e-15,-3.617723334973341e-16,9.820302293385641,6.961311880223398e-10,0.0,0.0
8,1e-10,1.5,0_9R,5733900.0,10.013958721447558,10.01395872123657,2.1098855995660415e-10,2.10694457436859e-11,10.01395871384451,7.592450772392196e-10,22527181139.59975,0.0
8,1e-10,1.5,0_75R,4778250.0,9.937048675212521,9.937048674460394,7.5212724937046e-10,7.568919847434504e-11,9.937048666992942,8.271650828134914e-10,66601121501.88673,0.0
8,1e-10,1.5,0_5R,3185500.0,10.016605388058657,10.016605385132197,2.926460851426782e-09,2.921609406486726e-10,10.016605379547608,8.496940151213802e-10,166680631648.42554,0.0
8,1e-10,1.5,0_25R,1592750.0,5.535154971682029,5.53515495652306,1.5158969191020333e-08,2.7386711501465404e-09,5.535154966580031,9.217445318559085e-10,306726759664.7805,0.0
8,1e-10,1.5,0_1R,637100.0,2.3214410547810034,2.321440956810125,9.797087852092545e-08,4.220261481711192e-08,2.3214410526363034,9.238657904910601e-10,354306644532.4874,0.0
8,1e-10,1.5,100km,100000.0,0.36582598728603877,0.3658220012971751,3.985988863641765e-06,1.0895979054042053e-05,0.36582598694645607,9.282629102739833e-10,363731556593.0684,0.0
8,1e-10,1.5,1000km,1000000.0,3.62206629480996,3.622066255311912,3.9498047943453685e-08,1.0904838608495397e-08,3.6220662914878505,9.171862100268114e-10,340349402562.13904,0.0
9,1e-10,1.99,surface,6371000.0,9.82030230022186,9.820302300221863,-3.552713678800501e-15,-3.617723334973341e-16,9.820302293385641,6.961311880223398e-10,0.0,0.0
9,1e-10,1.99,0_9R,5733900.0,10.013958721447558,10.01395872123657,2.1098855995660415e-10,2.10694457436859e-11,10.01395871384451,7.592450772392196e-10,22527181139.59975,0.0
9,1e-10,1.99,0_75R,4778250.0,9.937048675212521,9.937048674460394,7.5212724937046e-10,7.568919847434504e-11,9.937048666992942,8.271650828134914e-10,66601121501.88673,0.0
9,1e-10,1.99,0_5R,3185500.0,10.016605388058657,10.016605385132197,2.926460851426782e-09,2.921609406486726e-10,10.016605379547608,8.496940151213802e-10,166680631648.42554,0.0
9,1e-10,1.99,0_25R,1592750.0,5.535154971682029,5.53515495652306,1.5158969191020333e-08,2.7386711501465404e-09,5.535154966580031,9.217445318559085e-10,306726759664.7805,0.0
9,1e-10,1.99,0_1R,637100.0,2.3214410547810034,2.321440956810125,9.797087852092545e-08,4.220261481711192e-08,2.3214410526363034,9.238657904910601e-10,354306644532.4874,0.0
9,1e-10,1.99,100km,100000.0,0.36582598728603877,0.3658220012971751,3.985988863641765e-06,1.0895979054042053e-05,0.36582598694645607,9.282629102739833e-10,363731556593.0684,0.0
9,1e-10,1.99,1000km,1000000.0,3.62206629480996,3.622066255311912,3.9498047943453685e-08,1.0904838608495397e-08,3.6220662914878505,9.171862100268114e-10,340349402562.13904,0.0
10,1e-10,2.0,surface,6371000.0,9.82030230022186,9.820302300221863,-3.552713678800501e-15,-3.617723334973341e-16,9.820302293385641,6.961311880223398e-10,0.0,0.0
10,1e-10,2.0,0_9R,5733900.0,10.013958721447558,10.01395872123657,2.1098855995660415e-10,2.10694457436859e-11,10.01395871384451,7.592450772392196e-10,22527181139.59975,0.0
10,1e-10,2.0,0_75R,4778250.0,9.937048675212521,9.937048674460394,7.5212724937046e-10,7.568919847434504e-11,9.937048666992942,8.271650828134914e-10,66601121501.88673,0.0
10,1e-10,2.0,0_5R,3185500.0,10.016605388058657,10.016605385132197,2.926460851426782e-09,2.921609406486726e-10,10.016605379547608,8.496940151213802e-10,166680631648.42554,0.0
10,1e-10,2.0,0_25R,1592750.0,5.535154971682029,5.53515495652306,1.5158969191020333e-08,2.7386711501465404e-09,5.535154966580031,9.217445318559085e-10,306726759664.7805,0.0
10,1e-10,2.0,0_1R,637100.0,2.3214410547810034,2.321440956810125,9.797087852092545e-08,4.220261481711192e-08,2.3214410526363034,9.238657904910601e-10,354306644532.4874,0.0
10,1e-10,2.0,100km,100000.0,0.36582598728603877,0.3658220012971751,3.985988863641765e-06,1.0895979054042053e-05,0.36582598694645607,9.282629102739833e-10,363731556593.0684,0.0
10,1e-10,2.0,1000km,1000000.0,3.62206629480996,3.622066255311912,3.9498047943453685e-08,1.0904838608495397e-08,3.6220662914878505,9.171862100268114e-10,340349402562.13904,0.0
11,1e-10,2.01,surface,6371000.0,9.82030230022186,9.820302300221863,-3.552713678800501e-15,-3.617723334973341e-16,9.820302293385641,6.961311880223398e-10,0.0,0.0
11,1e-10,2.01,0_9R,5733900.0,10.013958721447558,10.01395872123657,2.1098855995660415e-10,2.10694457436859e-11,10.01395871384451,7.592450772392196e-10,22527181139.59975,0.0
11,1e-10,2.01,0_75R,4778250.0,9.937048675212521,9.937048674460394,7.5212724937046e-10,7.568919847434504e-11,9.937048666992942,8.271650828134914e-10,66601121501.88673,0.0
11,1e-10,2.01,0_5R,3185500.0,10.016605388058657,10.016605385132197,2.926460851426782e-09,2.921609406486726e-10,10.016605379547608,8.496940151213802e-10,166680631648.42554,0.0
11,1e-10,2.01,0_25R,1592750.0,5.535154971682029,5.53515495652306,1.5158969191020333e-08,2.7386711501465404e-09,5.535154966580031,9.217445318559085e-10,306726759664.7805,0.0
11,1e-10,2.01,0_1R,637100.0,2.3214410547810034,2.321440956810125,9.797087852092545e-08,4.220261481711192e-08,2.3214410526363034,9.238657904910601e-10,354306644532.4874,0.0
11,1e-10,2.01,100km,100000.0,0.36582598728603877,0.3658220012971751,3.985988863641765e-06,1.0895979054042053e-05,0.36582598694645607,9.282629102739833e-10,363731556593.0684,0.0
11,1e-10,2.01,1000km,1000000.0,3.62206629480996,3.622066255311912,3.9498047943453685e-08,1.0904838608495397e-08,3.6220662914878505,9.171862100268114e-10,340349402562.13904,0.0
12,1e-10,5.0,surface,6371000.0,9.82030230022186,9.820302300221863,-3.552713678800501e-15,-3.617723334973341e-16,9.820302293385641,6.961311880223398e-10,0.0,0.0
12,1e-10,5.0,0_9R,5733900.0,10.013958721447558,10.01395872123657,2.1098855995660415e-10,2.10694457436859e-11,10.01395871384451,7.592450772392196e-10,22527181139.59975,0.0
12,1e-10,5.0,0_75R,4778250.0,9.937048675212521,9.937048674460394,7.5212724937046e-10,7.568919847434504e-11,9.937048666992942,8.271650828134914e-10,66601121501.88673,0.0
12,1e-10,5.0,0_5R,3185500.0,10.016605388058657,10.016605385132197,2.926460851426782e-09,2.921609406486726e-10,10.016605379547608,8.496940151213802e-10,166680631648.42554,0.0
12,1e-10,5.0,0_25R,1592750.0,5.535154971682029,5.53515495652306,1.5158969191020333e-08,2.7386711501465404e-09,5.535154966580031,9.217445318559085e-10,306726759664.7805,0.0
12,1e-10,5.0,0_1R,637100.0,2.3214410547810034,2.321440956810125,9.797087852092545e-08,4.220261481711192e-08,2.3214410526363034,9.238657904910601e-10,354306644532.4874,0.0
12,1e-10,5.0,100km,100000.0,0.36582598728603877,0.3658220012971751,3.985988863641765e-06,1.0895979054042053e-05,0.36582598694645607,9.282629102739833e-10,363731556593.0684,0.0
12,1e-10,5.0,1000km,1000000.0,3.62206629480996,3.622066255311912,3.9498047943453685e-08,1.0904838608495397e-08,3.6220662914878505,9.171862100268114e-10,340349402562.13904,0.0
13,1e-10,10.0,surface,6371000.0,9.82030230022186,9.820302300221863,-3.552713678800501e-15,-3.617723334973341e-16,9.820302293385641,6.961311880223398e-10,0.0,0.0
13,1e-10,10.0,0_9R,5733900.0,10.013958721447558,10.01395872123657,2.1098855995660415e-10,2.10694457436859e-11,10.01395871384451,7.592450772392196e-10,22527181139.59975,0.0
13,1e-10,10.0,0_75R,4778250.0,9.937048675212521,9.937048674460394,7.5212724937046e-10,7.568919847434504e-11,9.937048666992942,8.271650828134914e-10,66601121501.88673,0.0
13,1e-10,10.0,0_5R,3185500.0,10.016605388058657,10.016605385132197,2.926460851426782e-09,2.921609406486726e-10,10.016605379547608,8.496940151213802e-10,166680631648.42554,0.0
13,1e-10,10.0,0_25R,1592750.0,5.535154971682029,5.53515495652306,1.5158969191020333e-08,2.7386711501465404e-09,5.535154966580031,9.217445318559085e-10,306726759664.7805,0.0
13,1e-10,10.0,0_1R,637100.0,2.3214410547810034,2.321440956810125,9.797087852092545e-08,4.220261481711192e-08,2.3214410526363034,9.238657904910601e-10,354306644532.4874,0.0
13,1e-10,10.0,100km,100000.0,0.36582598728603877,0.3658220012971751,3.985988863641765e-06,1.0895979054042053e-05,0.36582598694645607,9.282629102739833e-10,363731556593.0684,0.0
13,1e-10,10.0,1000km,1000000.0,3.62206629480996,3.622066255311912,3.9498047943453685e-08,1.0904838608495397e-08,3.6220662914878505,9.171862100268114e-10,340349402562.13904,0.0
14,1e-10,100.0,surface,6371000.0,9.82030230022186,9.820302300221863,-3.552713678800501e-15,-3.617723334973341e-16,9.820302293385641,6.961311880223398e-10,0.0,0.0
14,1e-10,100.0,0_9R,5733900.0,10.013958721447558,10.01395872123657,2.1098855995660415e-10,2.10694457436859e-11,10.01395871384451,7.592450772392196e-10,22527181139.59975,0.0
14,1e-10,100.0,0_75R,4778250.0,9.937048675212521,9.937048674460394,7.5212724937046e-10,7.568919847434504e-11,9.937048666992942,8.271650828134914e-10,66601121501.88673,0.0
14,1e-10,100.0,0_5R,3185500.0,10.016605388058657,10.016605385132197,2.926460851426782e-09,2.921609406486726e-10,10.016605379547608,8.496940151213802e-10,166680631648.42554,0.0
14,1e-10,100.0,0_25R,1592750.0,5.535154971682029,5.53515495652306,1.5158969191020333e-08,2.7386711501465404e-09,5.535154966580031,9.217445318559085e-10,306726759664.7805,0.0
14,1e-10,100.0,0_1R,637100.0,2.3214410547810034,2.321440956810125,9.797087852092545e-08,4.220261481711192e-08,2.3214410526363034,9.238657904910601e-10,354306644532.4874,0.0
14,1e-10,100.0,100km,100000.0,0.36582598728603877,0.3658220012971751,3.985988863641765e-06,1.0895979054042053e-05,0.36582598694645607,9.282629102739833e-10,363731556593.0684,0.0
14,1e-10,100.0,1000km,1000000.0,3.62206629480996,3.622066255311912,3.9498047943453685e-08,1.0904838608495397e-08,3.6220662914878505,9.171862100268114e-10,340349402562.13904,0.0
15,1e-09,1.001,surface,6371000.0,9.820302300221861,9.820302300221863,-1.7763568394002505e-15,-1.8088616674866705e-16,9.820302293385641,6.961313689085067e-10,0.0,0.0
15,1e-09,1.001,0_9R,5733900.0,10.013958723346443,10.01395872123657,2.1098731650681657e-09,2.106932157203489e-10,10.013958715743394,7.592450770952486e-10,22527181121.406544,0.0
15,1e-09,1.001,0_75R,4778250.0,9.93704868198166,9.937048674460394,7.521265388277243e-09,7.568912696994177e-10,9.937048673762082,8.271649034890166e-10,66601121462.51416,0.0
15,1e-09,1.001,0_5R,3185500.0,10.016605414396803,10.016605385132197,2.926460673791098e-08,2.921609229145524e-09,10.016605405885754,8.496940128871537e-10,166680631673.2378,0.0
15,1e-09,1.001,0_25R,1592750.0,5.535155108112743,5.53515495652306,1.5158968302841913e-07,2.7386709896851933e-08,5.535155103010745,9.217443486753714e-10,306726760724.40704,0.0
15,1e-09,1.001,0_1R,637100.0,2.321441936518913,2.321440956810125,9.79708788317879e-07,4.2202614951021187e-07,2.3214419343742128,9.238656308841041e-10,354306649812.53876,0.0
15,1e-09,1.001,100km,100000.0,0.3658618611858131,0.3658220012971751,3.985988863797196e-05,0.00010895979054466936,0.3658618608462303,9.281721946464291e-10,363731601391.76215,0.0
15,1e-09,1.001,1000km,1000000.0,3.62206665029239,3.622066255311912,3.949804781022692e-07,1.0904838571713419e-07,3.6220666469702807,9.171861200109132e-10,340349405221.53687,0.0
16,1e-09,1.005,surface,6371000.0,9.820302300221861,9.820302300221863,-1.7763568394002505e-15,-1.8088616674866705e-16,9.820302293385641,6.961313689085067e-10,0.0,0.0
16,1e-09,1.005,0_9R,5733900.0,10.013958723346443,10.01395872123657,2.1098731650681657e-09,2.106932157203489e-10,10.013958715743394,7.592450770952486e-10,22527181121.406544,0.0
16,1e-09,1.005,0_75R,4778250.0,9.93704868198166,9.937048674460394,7.521265388277243e-09,7.568912696994177e-10,9.937048673762082,8.271649034890166e-10,66601121462.51416,0.0
16,1e-09,1.005,0_5R,3185500.0,10.016605414396803,10.016605385132197,2.926460673791098e-08,2.921609229145524e-09,10.016605405885754,8.496940128871537e-10,166680631673.2378,0.0
16,1e-09,1.005,0_25R,1592750.0,5.535155108112743,5.53515495652306,1.5158968302841913e-07,2.7386709896851933e-08,5.535155103010745,9.217443486753714e-10,306726760724.40704,0.0
16,1e-09,1.005,0_1R,637100.0,2.321441936518913,2.321440956810125,9.79708788317879e-07,4.2202614951021187e-07,2.3214419343742128,9.238656308841041e-10,354306649812.53876,0.0
16,1e-09,1.005,100km,100000.0,0.3658618611858131,0.3658220012971751,3.985988863797196e-05,0.00010895979054466936,0.3658618608462303,9.281721946464291e-10,363731601391.76215,0.0
16,1e-09,1.005,1000km,1000000.0,3.62206665029239,3.622066255311912,3.949804781022692e-07,1.0904838571713419e-07,3.6220666469702807,9.171861200109132e-10,340349405221.53687,0.0
17,1e-09,1.01,surface,6371000.0,9.820302300221861,9.820302300221863,-1.7763568394002505e-15,-1.8088616674866705e-16,9.820302293385641,6.961313689085067e-10,0.0,0.0
17,1e-09,1.01,0_9R,5733900.0,10.013958723346443,10.01395872123657,2.1098731650681657e-09,2.106932157203489e-10,10.013958715743394,7.592450770952486e-10,22527181121.406544,0.0
17,1e-09,1.01,0_75R,4778250.0,9.93704868198166,9.937048674460394,7.521265388277243e-09,7.568912696994177e-10,9.937048673762082,8.271649034890166e-10,66601121462.51416,0.0
17,1e-09,1.01,0_5R,3185500.0,10.016605414396803,10.016605385132197,2.926460673791098e-08,2.921609229145524e-09,10.016605405885754,8.496940128871537e-10,166680631673.2378,0.0
17,1e-09,1.01,0_25R,1592750.0,5.535155108112743,5.53515495652306,1.5158968302841913e-07,2.7386709896851933e-08,5.535155103010745,9.217443486753714e-10,306726760724.40704,0.0
17,1e-09,1.01,0_1R,637100.0,2.321441936518913,2.321440956810125,9.79708788317879e-07,4.2202614951021187e-07,2.3214419343742128,9.238656308841041e-10,354306649812.53876,0.0
17,1e-09,1.01,100km,100000.0,0.3658618611858131,0.3658220012971751,3.985988863797196e-05,0.00010895979054466936,0.3658618608462303,9.281721946464291e-10,363731601391.76215,0.0
17,1e-09,1.01,1000km,1000000.0,3.62206665029239,3.622066255311912,3.949804781022692e-07,1.0904838571713419e-07,3.6220666469702807,9.171861200109132e-10,340349405221.53687,0.0
18,1e-09,1.1,surface,6371000.0,9.820302300221861,9.820302300221863,-1.7763568394002505e-15,-1.8088616674866705e-16,9.820302293385641,6.961313689085067e-10,0.0,0.0
18,1e-09,1.1,0_9R,5733900.0,10.013958723346443,10.01395872123657,2.1098731650681657e-09,2.106932157203489e-10,10.013958715743394,7.592450770952486e-10,22527181121.406544,0.0
18,1e-09,1.1,0_75R,4778250.0,9.93704868198166,9.937048674460394,7.521265388277243e-09,7.568912696994177e-10,9.937048673762082,8.271649034890166e-10,66601121462.51416,0.0
18,1e-09,1.1,0_5R,3185500.0,10.016605414396803,10.016605385132197,2.926460673791098e-08,2.921609229145524e-09,10.016605405885754,8.496940128871537e-10,166680631673.2378,0.0
18,1e-09,1.1,0_25R,1592750.0,5.535155108112743,5.53515495652306,1.5158968302841913e-07,2.7386709896851933e-08,5.535155103010745,9.217443486753714e-10,306726760724.40704,0.0
18,1e-09,1.1,0_1R,637100.0,2.321441936518913,2.321440956810125,9.79708788317879e-07,4.2202614951021187e-07,2.3214419343742128,9.238656308841041e-10,354306649812.53876,0.0
18,1e-09,1.1,100km,100000.0,0.3658618611858131,0.3658220012971751,3.985988863797196e-05,0.00010895979054466936,0.3658618608462303,9.281721946464291e-10,363731601391.76215,0.0
18,1e-09,1.1,1000km,1000000.0,3.62206665029239,3.622066255311912,3.949804781022692e-07,1.0904838571713419e-07,3.6220666469702807,9.171861200109132e-10,340349405221.53687,0.0
19,1e-09,1.2042013330037094,surface,6371000.0,9.820302300221861,9.820302300221863,-1.7763568394002505e-15,-1.8088616674866705e-16,9.820302293385641,6.961313689085067e-10,0.0,0.0
19,1e-09,1.2042013330037094,0_9R,5733900.0,10.013958723346443,10.01395872123657,2.1098731650681657e-09,2.106932157203489e-10,10.013958715743394,7.592450770952486e-10,22527181121.406544,0.0
19,1e-09,1.2042013330037094,0_75R,4778250.0,9.93704868198166,9.937048674460394,7.521265388277243e-09,7.568912696994177e-10,9.937048673762082,8.271649034890166e-10,66601121462.51416,0.0
19,1e-09,1.2042013330037094,0_5R,3185500.0,10.016605414396803,10.016605385132197,2.926460673791098e-08,2.921609229145524e-09,10.016605405885754,8.496940128871537e-10,166680631673.2378,0.0
19,1e-09,1.2042013330037094,0_25R,1592750.0,5.535155108112743,5.53515495652306,1.5158968302841913e-07,2.7386709896851933e-08,5.535155103010745,9.217443486753714e-10,306726760724.40704,0.0
19,1e-09,1.2042013330037094,0_1R,637100.0,2.321441936518913,2.321440956810125,9.79708788317879e-07,4.2202614951021187e-07,2.3214419343742128,9.238656308841041e-10,354306649812.53876,0.0
19,1e-09,1.2042013330037094,100km,100000.0,0.3658618611858131,0.3658220012971751,3.985988863797196e-05,0.00010895979054466936,0.3658618608462303,9.281721946464291e-10,363731601391.76215,0.0
19,1e-09,1.2042013330037094,1000km,1000000.0,3.62206665029239,3.622066255311912,3.949804781022692e-07,1.0904838571713419e-07,3.6220666469702807,9.171861200109132e-10,340349405221.53687,0.0
20,1e-09,1.2163649828320298,surface,6371000.0,9.820302300221861,9.820302300221863,-1.7763568394002505e-15,-1.8088616674866705e-16,9.820302293385641,6.961313689085067e-10,0.0,0.0
20,1e-09,1.2163649828320298,0_9R,5733900.0,10.013958723346443,10.01395872123657,2.1098731650681657e-09,2.106932157203489e-10,10.013958715743394,7.592450770952486e-10,22527181121.406544,0.0
20,1e-09,1.2163649828320298,0_75R,4778250.0,9.93704868198166,9.937048674460394,7.521265388277243e-09,7.568912696994177e-10,9.937048673762082,8.271649034890166e-10,66601121462.51416,0.0
20,1e-09,1.2163649828320298,0_5R,3185500.0,10.016605414396803,10.016605385132197,2.926460673791098e-08,2.921609229145524e-09,10.016605405885754,8.496940128871537e-10,166680631673.2378,0.0
20,1e-09,1.2163649828320298,0_25R,1592750.0,5.535155108112743,5.53515495652306,1.5158968302841913e-07,2.7386709896851933e-08,5.535155103010745,9.217443486753714e-10,306726760724.40704,0.0
20,1e-09,1.2163649828320298,0_1R,637100.0,2.321441936518913,2.321440956810125,9.79708788317879e-07,4.2202614951021187e-07,2.3214419343742128,9.238656308841041e-10,354306649812.53876,0.0
20,1e-09,1.2163649828320298,100km,100000.0,0.3658618611858131,0.3658220012971751,3.985988863797196e-05,0.00010895979054466936,0.3658618608462303,9.281721946464291e-10,363731601391.76215,0.0
20,1e-09,1.2163649828320298,1000km,1000000.0,3.62206665029239,3.622066255311912,3.949804781022692e-07,1.0904838571713419e-07,3.6220666469702807,9.171861200109132e-10,340349405221.53687,0.0
21,1e-09,1.2285286326603502,surface,6371000.0,9.820302300221861,9.820302300221863,-1.7763568394002505e-15,-1.8088616674866705e-16,9.820302293385641,6.961313689085067e-10,0.0,0.0
21,1e-09,1.2285286326603502,0_9R,5733900.0,10.013958723346443,10.01395872123657,2.1098731650681657e-09,2.106932157203489e-10,10.013958715743394,7.592450770952486e-10,22527181121.406544,0.0
21,1e-09,1.2285286326603502,0_75R,4778250.0,9.93704868198166,9.937048674460394,7.521265388277243e-09,7.568912696994177e-10,9.937048673762082,8.271649034890166e-10,66601121462.51416,0.0
21,1e-09,1.2285286326603502,0_5R,3185500.0,10.016605414396803,10.016605385132197,2.926460673791098e-08,2.921609229145524e-09,10.016605405885754,8.496940128871537e-10,166680631673.2378,0.0
21,1e-09,1.2285286326603502,0_25R,1592750.0,5.535155108112743,5.53515495652306,1.5158968302841913e-07,2.7386709896851933e-08,5.535155103010745,9.217443486753714e-10,306726760724.40704,0.0
21,1e-09,1.2285286326603502,0_1R,637100.0,2.321441936518913,2.321440956810125,9.79708788317879e-07,4.2202614951021187e-07,2.3214419343742128,9.238656308841041e-10,354306649812.53876,0.0
21,1e-09,1.2285286326603502,100km,100000.0,0.3658618611858131,0.3658220012971751,3.985988863797196e-05,0.00010895979054466936,0.3658618608462303,9.281721946464291e-10,363731601391.76215,0.0
21,1e-09,1.2285286326603502,1000km,1000000.0,3.62206665029239,3.622066255311912,3.949804781022692e-07,1.0904838571713419e-07,3.6220666469702807,9.171861200109132e-10,340349405221.53687,0.0
22,1e-09,1.5,surface,6371000.0,9.820302300221861,9.820302300221863,-1.7763568394002505e-15,-1.8088616674866705e-16,9.820302293385641,6.961313689085067e-10,0.0,0.0
22,1e-09,1.5,0_9R,5733900.0,10.013958723346443,10.01395872123657,2.1098731650681657e-09,2.106932157203489e-10,10.013958715743394,7.592450770952486e-10,22527181121.406544,0.0
22,1e-09,1.5,0_75R,4778250.0,9.93704868198166,9.937048674460394,7.521265388277243e-09,7.568912696994177e-10,9.937048673762082,8.271649034890166e-10,66601121462.51416,0.0
22,1e-09,1.5,0_5R,3185500.0,10.016605414396803,10.016605385132197,2.926460673791098e-08,2.921609229145524e-09,10.016605405885754,8.496940128871537e-10,166680631673.2378,0.0
22,1e-09,1.5,0_25R,1592750.0,5.535155108112743,5.53515495652306,1.5158968302841913e-07,2.7386709896851933e-08,5.535155103010745,9.217443486753714e-10,306726760724.40704,0.0
22,1e-09,1.5,0_1R,637100.0,2.321441936518913,2.321440956810125,9.79708788317879e-07,4.2202614951021187e-07,2.3214419343742128,9.238656308841041e-10,354306649812.53876,0.0
22,1e-09,1.5,100km,100000.0,0.3658618611858131,0.3658220012971751,3.985988863797196e-05,0.00010895979054466936,0.3658618608462303,9.281721946464291e-10,363731601391.76215,0.0
22,1e-09,1.5,1000km,1000000.0,3.62206665029239,3.622066255311912,3.949804781022692e-07,1.0904838571713419e-07,3.6220666469702807,9.171861200109132e-10,340349405221.53687,0.0
23,1e-09,1.99,surface,6371000.0,9.820302300221861,9.820302300221863,-1.7763568394002505e-15,-1.8088616674866705e-16,9.820302293385641,6.961313689085067e-10,0.0,0.0
23,1e-09,1.99,0_9R,5733900.0,10.013958723346443,10.01395872123657,2.1098731650681657e-09,2.106932157203489e-10,10.013958715743394,7.592450770952486e-10,22527181121.406544,0.0
23,1e-09,1.99,0_75R,4778250.0,9.93704868198166,9.937048674460394,7.521265388277243e-09,7.568912696994177e-10,9.937048673762082,8.271649034890166e-10,66601121462.51416,0.0
23,1e-09,1.99,0_5R,3185500.0,10.016605414396803,10.016605385132197,2.926460673791098e-08,2.921609229145524e-09,10.016605405885754,8.496940128871537e-10,166680631673.2378,0.0
23,1e-09,1.99,0_25R,1592750.0,5.535155108112743,5.53515495652306,1.5158968302841913e-07,2.7386709896851933e-08,5.535155103010745,9.217443486753714e-10,306726760724.40704,0.0
23,1e-09,1.99,0_1R,637100.0,2.321441936518913,2.321440956810125,9.79708788317879e-07,4.2202614951021187e-07,2.3214419343742128,9.238656308841041e-10,354306649812.53876,0.0
23,1e-09,1.99,100km,100000.0,0.36586186118581304,0.3658220012971751,3.985988863791645e-05,0.00010895979054451761,0.3658618608462303,9.281720429193506e-10,363731601391.76215,0.0
23,1e-09,1.99,1000km,1000000.0,3.62206665029239,3.622066255311912,3.949804781022692e-07,1.0904838571713419e-07,3.6220666469702807,9.171861200109132e-10,340349405221.53687,0.0
24,1e-09,2.0,surface,6371000.0,9.820302300221861,9.820302300221863,-1.7763568394002505e-15,-1.8088616674866705e-16,9.820302293385641,6.961313689085067e-10,0.0,0.0
24,1e-09,2.0,0_9R,5733900.0,10.013958723346443,10.01395872123657,2.1098731650681657e-09,2.106932157203489e-10,10.013958715743394,7.592450770952486e-10,22527181121.406544,0.0
24,1e-09,2.0,0_75R,4778250.0,9.93704868198166,9.937048674460394,7.521265388277243e-09,7.568912696994177e-10,9.937048673762082,8.271649034890166e-10,66601121462.51416,0.0
24,1e-09,2.0,0_5R,3185500.0,10.016605414396803,10.016605385132197,2.926460673791098e-08,2.921609229145524e-09,10.016605405885754,8.496940128871537e-10,166680631673.2378,0.0
24,1e-09,2.0,0_25R,1592750.0,5.535155108112743,5.53515495652306,1.5158968302841913e-07,2.7386709896851933e-08,5.535155103010745,9.217443486753714e-10,306726760724.40704,0.0
24,1e-09,2.0,0_1R,637100.0,2.321441936518913,2.321440956810125,9.79708788317879e-07,4.2202614951021187e-07,2.3214419343742128,9.238656308841041e-10,354306649812.53876,0.0
24,1e-09,2.0,100km,100000.0,0.3658618611858131,0.3658220012971751,3.985988863797196e-05,0.00010895979054466936,0.3658618608462303,9.281721946464291e-10,363731601391.76215,0.0
24,1e-09,2.0,1000km,1000000.0,3.62206665029239,3.622066255311912,3.949804781022692e-07,1.0904838571713419e-07,3.6220666469702807,9.171861200109132e-10,340349405221.53687,0.0
25,1e-09,2.01,surface,6371000.0,9.820302300221861,9.820302300221863,-1.7763568394002505e-15,-1.8088616674866705e-16,9.820302293385641,6.961313689085067e-10,0.0,0.0
25,1e-09,2.01,0_9R,5733900.0,10.013958723346443,10.01395872123657,2.1098731650681657e-09,2.106932157203489e-10,10.013958715743394,7.592450770952486e-10,22527181121.406544,0.0
25,1e-09,2.01,0_75R,4778250.0,9.93704868198166,9.937048674460394,7.521265388277243e-09,7.568912696994177e-10,9.937048673762082,8.271649034890166e-10,66601121462.51416,0.0
25,1e-09,2.01,0_5R,3185500.0,10.016605414396803,10.016605385132197,2.926460673791098e-08,2.921609229145524e-09,10.016605405885754,8.496940128871537e-10,166680631673.2378,0.0
25,1e-09,2.01,0_25R,1592750.0,5.535155108112743,5.53515495652306,1.5158968302841913e-07,2.7386709896851933e-08,5.535155103010745,9.217443486753714e-10,306726760724.40704,0.0
25,1e-09,2.01,0_1R,637100.0,2.321441936518913,2.321440956810125,9.79708788317879e-07,4.2202614951021187e-07,2.3214419343742128,9.238656308841041e-10,354306649812.53876,0.0
25,1e-09,2.01,100km,100000.0,0.36586186118581304,0.3658220012971751,3.985988863791645e-05,0.00010895979054451761,0.3658618608462303,9.281720429193506e-10,363731601391.76215,0.0
25,1e-09,2.01,1000km,1000000.0,3.62206665029239,3.622066255311912,3.949804781022692e-07,1.0904838571713419e-07,3.6220666469702807,9.171861200109132e-10,340349405221.53687,0.0
26,1e-09,5.0,surface,6371000.0,9.820302300221861,9.820302300221863,-1.7763568394002505e-15,-1.8088616674866705e-16,9.820302293385641,6.961313689085067e-10,0.0,0.0
26,1e-09,5.0,0_9R,5733900.0,10.013958723346443,10.01395872123657,2.1098731650681657e-09,2.106932157203489e-10,10.013958715743394,7.592450770952486e-10,22527181121.406544,0.0
26,1e-09,5.0,0_75R,4778250.0,9.93704868198166,9.937048674460394,7.521265388277243e-09,7.568912696994177e-10,9.937048673762082,8.271649034890166e-10,66601121462.51416,0.0
26,1e-09,5.0,0_5R,3185500.0,10.016605414396803,10.016605385132197,2.926460673791098e-08,2.921609229145524e-09,10.016605405885754,8.496940128871537e-10,166680631673.2378,0.0
26,1e-09,5.0,0_25R,1592750.0,5.535155108112743,5.53515495652306,1.5158968302841913e-07,2.7386709896851933e-08,5.535155103010745,9.217443486753714e-10,306726760724.40704,0.0
26,1e-09,5.0,0_1R,637100.0,2.321441936518913,2.321440956810125,9.79708788317879e-07,4.2202614951021187e-07,2.3214419343742128,9.238656308841041e-10,354306649812.53876,0.0
26,1e-09,5.0,100km,100000.0,0.3658618611858131,0.3658220012971751,3.985988863797196e-05,0.00010895979054466936,0.3658618608462303,9.281721946464291e-10,363731601391.76215,0.0
26,1e-09,5.0,1000km,1000000.0,3.62206665029239,3.622066255311912,3.949804781022692e-07,1.0904838571713419e-07,3.6220666469702807,9.171861200109132e-10,340349405221.53687,0.0
27,1e-09,10.0,surface,6371000.0,9.820302300221861,9.820302300221863,-1.7763568394002505e-15,-1.8088616674866705e-16,9.820302293385641,6.961313689085067e-10,0.0,0.0
27,1e-09,10.0,0_9R,5733900.0,10.013958723346443,10.01395872123657,2.1098731650681657e-09,2.106932157203489e-10,10.013958715743394,7.592450770952486e-10,22527181121.406544,0.0
27,1e-09,10.0,0_75R,4778250.0,9.93704868198166,9.937048674460394,7.521265388277243e-09,7.568912696994177e-10,9.937048673762082,8.271649034890166e-10,66601121462.51416,0.0
27,1e-09,10.0,0_5R,3185500.0,10.016605414396803,10.016605385132197,2.926460673791098e-08,2.921609229145524e-09,10.016605405885754,8.496940128871537e-10,166680631673.2378,0.0
27,1e-09,10.0,0_25R,1592750.0,5.535155108112743,5.53515495652306,1.5158968302841913e-07,2.7386709896851933e-08,5.535155103010745,9.217443486753714e-10,306726760724.40704,0.0
27,1e-09,10.0,0_1R,637100.0,2.321441936518913,2.321440956810125,9.79708788317879e-07,4.2202614951021187e-07,2.3214419343742128,9.238656308841041e-10,354306649812.53876,0.0
27,1e-09,10.0,100km,100000.0,0.3658618611858131,0.3658220012971751,3.985988863797196e-05,0.00010895979054466936,0.3658618608462303,9.281721946464291e-10,363731601391.76215,0.0
27,1e-09,10.0,1000km,1000000.0,3.62206665029239,3.622066255311912,3.949804781022692e-07,1.0904838571713419e-07,3.6220666469702807,9.171861200109132e-10,340349405221.53687,0.0
28,1e-09,100.0,surface,6371000.0,9.820302300221861,9.820302300221863,-1.7763568394002505e-15,-1.8088616674866705e-16,9.820302293385641,6.961313689085067e-10,0.0,0.0
28,1e-09,100.0,0_9R,5733900.0,10.013958723346443,10.01395872123657,2.1098731650681657e-09,2.106932157203489e-10,10.013958715743394,7.592450770952486e-10,22527181121.406544,0.0
28,1e-09,100.0,0_75R,4778250.0,9.937048681981658,9.937048674460394,7.521263611920403e-09,7.568910909384095e-10,9.937048673762082,8.271647247280084e-10,66601121462.51416,0.0
28,1e-09,100.0,0_5R,3185500.0,10.016605414396803,10.016605385132197,2.926460673791098e-08,2.921609229145524e-09,10.016605405885754,8.496940128871537e-10,166680631673.2378,0.0
28,1e-09,100.0,0_25R,1592750.0,5.535155108112743,5.53515495652306,1.5158968302841913e-07,2.7386709896851933e-08,5.535155103010745,9.217443486753714e-10,306726760724.40704,0.0
28,1e-09,100.0,0_1R,637100.0,2.321441936518913,2.321440956810125,9.79708788317879e-07,4.2202614951021187e-07,2.3214419343742128,9.238656308841041e-10,354306649812.53876,0.0
28,1e-09,100.0,100km,100000.0,0.36586186118581304,0.3658220012971751,3.985988863791645e-05,0.00010895979054451761,0.3658618608462303,9.281720429193506e-10,363731601391.7621,1.6780273150987848e-16
28,1e-09,100.0,1000km,1000000.0,3.62206665029239,3.622066255311912,3.949804781022692e-07,1.0904838571713419e-07,3.6220666469702807,9.171861200109132e-10,340349405221.53687,0.0
29,1e-08,1.001,surface,6371000.0,9.82030230022186,9.820302300221863,-3.552713678800501e-15,-3.617723334973341e-16,9.820302293385641,6.961311880223398e-10,0.0,0.0
29,1e-08,1.001,0_9R,5733900.0,10.013958742335284,10.01395872123657,2.1098713887113263e-08,2.10693038332276e-09,10.013958734732237,7.592448982674672e-10,22527180939.47459,0.0
29,1e-08,1.001,0_75R,4778250.0,9.937048749673057,9.937048674460394,7.521266276455663e-08,7.568913590799218e-09,9.937048741453479,8.271648978543509e-10,66601121068.788445,0.0
29,1e-08,1.001,0_5R,3185500.0,10.016605677778236,10.016605385132197,2.926460389574004e-07,2.9216089453996008e-08,10.016605669267184,8.496941678860891e-10,166680631921.35873,0.0
29,1e-08,1.001,0_25R,1592750.0,5.535156472419878,5.53515495652306,1.5158968178496934e-06,2.738670967220605e-07,5.53515646731788,9.217441214835298e-10,306726771320.6708,0.0
29,1e-08,1.001,0_1R,637100.0,2.321450753898008,2.321440956810125,9.79708788317879e-06,4.220261495102118e-06,2.321450751753308,9.238619305416764e-10,354306702613.0495,0.0
29,1e-08,1.001,100km,100000.0,0.3662206001835546,0.3658220012971751,0.0003985988863794976,0.0010895979054460867,0.36622059984397226,9.272617716604165e-10,363732049378.6935,1.678025248373268e-16
29,1e-08,1.001,1000km,1000000.0,3.622070205116695,3.622066255311912,3.949804783243138e-06,1.090483857784375e-06,3.6220702017945863,9.171850972464399e-10,340349431815.5128,0.0
30,1e-08,1.005,surface,6371000.0,9.82030230022186,9.820302300221863,-3.552713678800501e-15,-3.617723334973341e-16,9.820302293385641,6.961311880223398e-10,0.0,0.0
30,1e-08,1.005,0_9R,5733900.0,10.013958742335284,10.01395872123657,2.1098713887113263e-08,2.10693038332276e-09,10.013958734732237,7.592448982674672e-10,22527180939.47459,0.0
30,1e-08,1.005,0_75R,4778250.0,9.937048749673057,9.937048674460394,7.521266276455663e-08,7.568913590799218e-09,9.937048741453479,8.271648978543509e-10,66601121068.788445,0.0
30,1e-08,1.005,0_5R,3185500.0,10.016605677778236,10.016605385132197,2.926460389574004e-07,2.9216089453996008e-08,10.016605669267184,8.496941678860891e-10,166680631921.35873,0.0
30,1e-08,1.005,0_25R,1592750.0,5.535156472419878,5.53515495652306,1.5158968178496934e-06,2.738670967220605e-07,5.53515646731788,9.217441214835298e-10,306726771320.6708,0.0
30,1e-08,1.005,0_1R,637100.0,2.3214507538980076,2.321440956810125,9.7970878827347e-06,4.220261494910819e-06,2.321450751753308,9.238617392435369e-10,354306702613.0495,0.0
30,1e-08,1.005,100km,100000.0,0.3662206001835546,0.3658220012971751,0.0003985988863794976,0.0010895979054460867,0.36622059984397226,9.272617716604165e-10,363732049378.6935,1.678025248373268e-16
30,1e-08,1.005,1000km,1000000.0,3.622070205116695,3.622066255311912,3.949804783243138e-06,1.090483857784375e-06,3.6220702017945863,9.171850972464399e-10,340349431815.5128,0.0
31,1e-08,1.01,surface,6371000.0,9.82030230022186,9.820302300221863,-3.552713678800501e-15,-3.617723334973341e-16,9.820302293385641,6.961311880223398e-10,0.0,0.0
31,1e-08,1.01,0_9R,5733900.0,10.013958742335284,10.01395872123657,2.1098713887113263e-08,2.10693038332276e-09,10.013958734732237,7.592448982674672e-10,22527180939.47459,0.0
31,1e-08,1.01,0_75R,4778250.0,9.937048749673057,9.937048674460394,7.521266276455663e-08,7.568913590799218e-09,9.937048741453479,8.271648978543509e-10,66601121068.788445,0.0
31,1e-08,1.01,0_5R,3185500.0,10.016605677778236,10.016605385132197,2.926460389574004e-07,2.9216089453996008e-08,10.016605669267184,8.496941678860891e-10,166680631921.35873,0.0
31,1e-08,1.01,0_25R,1592750.0,5.535156472419878,5.53515495652306,1.5158968178496934e-06,2.738670967220605e-07,5.53515646731788,9.217441214835298e-10,306726771320.6708,0.0
31,1e-08,1.01,0_1R,637100.0,2.321450753898008,2.321440956810125,9.79708788317879e-06,4.220261495102118e-06,2.321450751753308,9.238619305416764e-10,354306702613.0495,0.0
31,1e-08,1.01,100km,100000.0,0.3662206001835546,0.3658220012971751,0.0003985988863794976,0.0010895979054460867,0.36622059984397226,9.272617716604165e-10,363732049378.6935,1.678025248373268e-16
31,1e-08,1.01,1000km,1000000.0,3.622070205116695,3.622066255311912,3.949804783243138e-06,1.090483857784375e-06,3.6220702017945863,9.171850972464399e-10,340349431815.5128,0.0
32,1e-08,1.1,surface,6371000.0,9.82030230022186,9.820302300221863,-3.552713678800501e-15,-3.617723334973341e-16,9.820302293385641,6.961311880223398e-10,0.0,0.0
32,1e-08,1.1,0_9R,5733900.0,10.013958742335284,10.01395872123657,2.1098713887113263e-08,2.10693038332276e-09,10.013958734732237,7.592448982674672e-10,22527180939.47459,0.0
32,1e-08,1.1,0_75R,4778250.0,9.937048749673057,9.937048674460394,7.521266276455663e-08,7.568913590799218e-09,9.937048741453479,8.271648978543509e-10,66601121068.788445,0.0
32,1e-08,1.1,0_5R,3185500.0,10.016605677778236,10.016605385132197,2.926460389574004e-07,2.9216089453996008e-08,10.016605669267184,8.496941678860891e-10,166680631921.35873,0.0
32,1e-08,1.1,0_25R,1592750.0,5.535156472419878,5.53515495652306,1.5158968178496934e-06,2.738670967220605e-07,5.53515646731788,9.217441214835298e-10,306726771320.6708,0.0
32,1e-08,1.1,0_1R,637100.0,2.3214507538980076,2.321440956810125,9.7970878827347e-06,4.220261494910819e-06,2.321450751753308,9.238617392435369e-10,354306702613.0495,0.0
32,1e-08,1.1,100km,100000.0,0.3662206001835546,0.3658220012971751,0.0003985988863794976,0.0010895979054460867,0.36622059984397226,9.272617716604165e-10,363732049378.69354,0.0
32,1e-08,1.1,1000km,1000000.0,3.622070205116695,3.622066255311912,3.949804783243138e-06,1.090483857784375e-06,3.6220702017945863,9.171850972464399e-10,340349431815.5128,0.0
33,1e-08,1.2042013330037094,surface,6371000.0,9.82030230022186,9.820302300221863,-3.552713678800501e-15,-3.617723334973341e-16,9.820302293385641,6.961311880223398e-10,0.0,0.0
33,1e-08,1.2042013330037094,0_9R,5733900.0,10.013958742335284,10.01395872123657,2.1098713887113263e-08,2.10693038332276e-09,10.013958734732237,7.592448982674672e-10,22527180939.47459,0.0
33,1e-08,1.2042013330037094,0_75R,4778250.0,9.937048749673057,9.937048674460394,7.521266276455663e-08,7.568913590799218e-09,9.937048741453479,8.271648978543509e-10,66601121068.788445,0.0
33,1e-08,1.2042013330037094,0_5R,3185500.0,10.016605677778236,10.016605385132197,2.926460389574004e-07,2.9216089453996008e-08,10.016605669267184,8.496941678860891e-10,166680631921.35873,0.0
33,1e-08,1.2042013330037094,0_25R,1592750.0,5.535156472419878,5.53515495652306,1.5158968178496934e-06,2.738670967220605e-07,5.53515646731788,9.217441214835298e-10,306726771320.6708,0.0
33,1e-08,1.2042013330037094,0_1R,637100.0,2.321450753898008,2.321440956810125,9.79708788317879e-06,4.220261495102118e-06,2.321450751753308,9.238619305416764e-10,354306702613.0495,0.0
33,1e-08,1.2042013330037094,100km,100000.0,0.3662206001835546,0.3658220012971751,0.0003985988863794976,0.0010895979054460867,0.36622059984397226,9.272617716604165e-10,363732049378.6935,1.678025248373268e-16
33,1e-08,1.2042013330037094,1000km,1000000.0,3.622070205116695,3.622066255311912,3.949804783243138e-06,1.090483857784375e-06,3.6220702017945863,9.171850972464399e-10,340349431815.5128,0.0
34,1e-08,1.2163649828320298,surface,6371000.0,9.82030230022186,9.820302300221863,-3.552713678800501e-15,-3.617723334973341e-16,9.820302293385641,6.961311880223398e-10,0.0,0.0
34,1e-08,1.2163649828320298,0_9R,5733900.0,10.013958742335284,10.01395872123657,2.1098713887113263e-08,2.10693038332276e-09,10.013958734732237,7.592448982674672e-10,22527180939.47459,0.0
34,1e-08,1.2163649828320298,0_75R,4778250.0,9.937048749673057,9.937048674460394,7.521266276455663e-08,7.568913590799218e-09,9.937048741453479,8.271648978543509e-10,66601121068.788445,0.0
34,1e-08,1.2163649828320298,0_5R,3185500.0,10.016605677778236,10.016605385132197,2.926460389574004e-07,2.9216089453996008e-08,10.016605669267184,8.496941678860891e-10,166680631921.35873,0.0
34,1e-08,1.2163649828320298,0_25R,1592750.0,5.535156472419878,5.53515495652306,1.5158968178496934e-06,2.738670967220605e-07,5.53515646731788,9.217441214835298e-10,306726771320.6708,0.0
34,1e-08,1.2163649828320298,0_1R,637100.0,2.321450753898008,2.321440956810125,9.79708788317879e-06,4.220261495102118e-06,2.321450751753308,9.238619305416764e-10,354306702613.0495,0.0
34,1e-08,1.2163649828320298,100km,100000.0,0.3662206001835546,0.3658220012971751,0.0003985988863794976,0.0010895979054460867,0.36622059984397226,9.272617716604165e-10,363732049378.69354,1.6780252483732682e-16
34,1e-08,1.2163649828320298,1000km,1000000.0,3.622070205116695,3.622066255311912,3.949804783243138e-06,1.090483857784375e-06,3.6220702017945863,9.171850972464399e-10,340349431815.5128,0.0
35,1e-08,1.2285286326603502,surface,6371000.0,9.82030230022186,9.820302300221863,-3.552713678800501e-15,-3.617723334973341e-16,9.820302293385641,6.961311880223398e-10,0.0,0.0
35,1e-08,1.2285286326603502,0_9R,5733900.0,10.013958742335284,10.01395872123657,2.1098713887113263e-08,2.10693038332276e-09,10.013958734732237,7.592448982674672e-10,22527180939.47459,0.0
35,1e-08,1.2285286326603502,0_75R,4778250.0,9.937048749673057,9.937048674460394,7.521266276455663e-08,7.568913590799218e-09,9.937048741453479,8.271648978543509e-10,66601121068.788445,0.0
35,1e-08,1.2285286326603502,0_5R,3185500.0,10.016605677778236,10.016605385132197,2.926460389574004e-07,2.9216089453996008e-08,10.016605669267184,8.496941678860891e-10,166680631921.35873,0.0
35,1e-08,1.2285286326603502,0_25R,1592750.0,5.535156472419878,5.53515495652306,1.5158968178496934e-06,2.738670967220605e-07,5.53515646731788,9.217441214835298e-10,306726771320.6708,0.0
35,1e-08,1.2285286326603502,0_1R,637100.0,2.321450753898008,2.321440956810125,9.79708788317879e-06,4.220261495102118e-06,2.321450751753308,9.238619305416764e-10,354306702613.0495,0.0
35,1e-08,1.2285286326603502,100km,100000.0,0.3662206001835546,0.3658220012971751,0.0003985988863794976,0.0010895979054460867,0.36622059984397226,9.272617716604165e-10,363732049378.69354,1.6780252483732682e-16
35,1e-08,1.2285286326603502,1000km,1000000.0,3.622070205116695,3.622066255311912,3.949804783243138e-06,1.090483857784375e-06,3.6220702017945863,9.171850972464399e-10,340349431815.5128,0.0
36,1e-08,1.5,surface,6371000.0,9.82030230022186,9.820302300221863,-3.552713678800501e-15,-3.617723334973341e-16,9.820302293385641,6.961311880223398e-10,0.0,0.0
36,1e-08,1.5,0_9R,5733900.0,10.013958742335284,10.01395872123657,2.1098713887113263e-08,2.10693038332276e-09,10.013958734732237,7.592448982674672e-10,22527180939.47459,0.0
36,1e-08,1.5,0_75R,4778250.0,9.937048749673057,9.937048674460394,7.521266276455663e-08,7.568913590799218e-09,9.937048741453479,8.271648978543509e-10,66601121068.788445,0.0
36,1e-08,1.5,0_5R,3185500.0,10.016605677778236,10.016605385132197,2.926460389574004e-07,2.9216089453996008e-08,10.016605669267184,8.496941678860891e-10,166680631921.35873,0.0
36,1e-08,1.5,0_25R,1592750.0,5.535156472419878,5.53515495652306,1.5158968178496934e-06,2.738670967220605e-07,5.53515646731788,9.217441214835298e-10,306726771320.6708,0.0
36,1e-08,1.5,0_1R,637100.0,2.3214507538980076,2.321440956810125,9.7970878827347e-06,4.220261494910819e-06,2.321450751753308,9.238617392435369e-10,354306702613.0495,0.0
36,1e-08,1.5,100km,100000.0,0.3662206001835546,0.3658220012971751,0.0003985988863794976,0.0010895979054460867,0.36622059984397226,9.272617716604165e-10,363732049378.69354,1.6780252483732682e-16
36,1e-08,1.5,1000km,1000000.0,3.622070205116695,3.622066255311912,3.949804783243138e-06,1.090483857784375e-06,3.6220702017945863,9.171850972464399e-10,340349431815.5128,0.0
37,1e-08,1.99,surface,6371000.0,9.82030230022186,9.820302300221863,-3.552713678800501e-15,-3.617723334973341e-16,9.820302293385641,6.961311880223398e-10,0.0,0.0
37,1e-08,1.99,0_9R,5733900.0,10.013958742335284,10.01395872123657,2.1098713887113263e-08,2.10693038332276e-09,10.013958734732237,7.592448982674672e-10,22527180939.47459,0.0
37,1e-08,1.99,0_75R,4778250.0,9.937048749673057,9.937048674460394,7.521266276455663e-08,7.568913590799218e-09,9.937048741453479,8.271648978543509e-10,66601121068.788445,0.0
37,1e-08,1.99,0_5R,3185500.0,10.016605677778236,10.016605385132197,2.926460389574004e-07,2.9216089453996008e-08,10.016605669267184,8.496941678860891e-10,166680631921.35873,0.0
37,1e-08,1.99,0_25R,1592750.0,5.535156472419878,5.53515495652306,1.5158968178496934e-06,2.738670967220605e-07,5.53515646731788,9.217441214835298e-10,306726771320.6708,0.0
37,1e-08,1.99,0_1R,637100.0,2.3214507538980076,2.321440956810125,9.7970878827347e-06,4.220261494910819e-06,2.321450751753308,9.238617392435369e-10,354306702613.0495,0.0
37,1e-08,1.99,100km,100000.0,0.3662206001835546,0.3658220012971751,0.0003985988863794976,0.0010895979054460867,0.36622059984397226,9.272617716604165e-10,363732049378.69354,1.6780252483732682e-16
37,1e-08,1.99,1000km,1000000.0,3.622070205116695,3.622066255311912,3.949804783243138e-06,1.090483857784375e-06,3.6220702017945863,9.171850972464399e-10,340349431815.5128,0.0
38,1e-08,2.0,surface,6371000.0,9.82030230022186,9.820302300221863,-3.552713678800501e-15,-3.617723334973341e-16,9.820302293385641,6.961311880223398e-10,0.0,0.0
38,1e-08,2.0,0_9R,5733900.0,10.013958742335284,10.01395872123657,2.1098713887113263e-08,2.10693038332276e-09,10.013958734732237,7.592448982674672e-10,22527180939.47459,0.0
38,1e-08,2.0,0_75R,4778250.0,9.937048749673057,9.937048674460394,7.521266276455663e-08,7.568913590799218e-09,9.937048741453479,8.271648978543509e-10,66601121068.788445,0.0
38,1e-08,2.0,0_5R,3185500.0,10.016605677778236,10.016605385132197,2.926460389574004e-07,2.9216089453996008e-08,10.016605669267184,8.496941678860891e-10,166680631921.35873,0.0
38,1e-08,2.0,0_25R,1592750.0,5.535156472419877,5.53515495652306,1.515896816961515e-06,2.7386709656159915e-07,5.53515646731788,9.217439610222266e-10,306726771320.6708,0.0
38,1e-08,2.0,0_1R,637100.0,2.321450753898008,2.321440956810125,9.79708788317879e-06,4.220261495102118e-06,2.321450751753308,9.238619305416764e-10,354306702613.0495,0.0
38,1e-08,2.0,100km,100000.0,0.3662206001835546,0.3658220012971751,0.0003985988863794976,0.0010895979054460867,0.36622059984397226,9.272617716604165e-10,363732049378.69354,0.0
38,1e-08,2.0,1000km,1000000.0,3.622070205116695,3.622066255311912,3.949804783243138e-06,1.090483857784375e-06,3.6220702017945863,9.171850972464399e-10,340349431815.5128,0.0
39,1e-08,2.01,surface,6371000.0,9.82030230022186,9.820302300221863,-3.552713678800501e-15,-3.617723334973341e-16,9.820302293385641,6.961311880223398e-10,0.0,0.0
39,1e-08,2.01,0_9R,5733900.0,10.013958742335284,10.01395872123657,2.1098713887113263e-08,2.10693038332276e-09,10.013958734732237,7.592448982674672e-10,22527180939.47459,0.0
39,1e-08,2.01,0_75R,4778250.0,9.937048749673057,9.937048674460394,7.521266276455663e-08,7.568913590799218e-09,9.937048741453479,8.271648978543509e-10,66601121068.788445,0.0
39,1e-08,2.01,0_5R,3185500.0,10.016605677778236,10.016605385132197,2.926460389574004e-07,2.9216089453996008e-08,10.016605669267184,8.496941678860891e-10,166680631921.35873,0.0
39,1e-08,2.01,0_25R,1592750.0,5.535156472419878,5.53515495652306,1.5158968178496934e-06,2.738670967220605e-07,5.53515646731788,9.217441214835298e-10,306726771320.6708,0.0
39,1e-08,2.01,0_1R,637100.0,2.3214507538980076,2.321440956810125,9.7970878827347e-06,4.220261494910819e-06,2.321450751753308,9.238617392435369e-10,354306702613.0495,0.0
39,1e-08,2.01,100km,100000.0,0.3662206001835546,0.3658220012971751,0.0003985988863794976,0.0010895979054460867,0.36622059984397226,9.272617716604165e-10,363732049378.6935,1.678025248373268e-16
39,1e-08,2.01,1000km,1000000.0,3.622070205116695,3.622066255311912,3.949804783243138e-06,1.090483857784375e-06,3.6220702017945863,9.171850972464399e-10,340349431815.5128,0.0
40,1e-08,5.0,surface,6371000.0,9.82030230022186,9.820302300221863,-3.552713678800501e-15,-3.617723334973341e-16,9.820302293385641,6.961311880223398e-10,0.0,0.0
40,1e-08,5.0,0_9R,5733900.0,10.013958742335284,10.01395872123657,2.1098713887113263e-08,2.10693038332276e-09,10.013958734732237,7.592448982674672e-10,22527180939.47459,0.0
40,1e-08,5.0,0_75R,4778250.0,9.937048749673057,9.937048674460394,7.521266276455663e-08,7.568913590799218e-09,9.937048741453479,8.271648978543509e-10,66601121068.788445,0.0
40,1e-08,5.0,0_5R,3185500.0,10.016605677778236,10.016605385132197,2.926460389574004e-07,2.9216089453996008e-08,10.016605669267184,8.496941678860891e-10,166680631921.35873,0.0
40,1e-08,5.0,0_25R,1592750.0,5.535156472419878,5.53515495652306,1.5158968178496934e-06,2.738670967220605e-07,5.53515646731788,9.217441214835298e-10,306726771320.6708,0.0
40,1e-08,5.0,0_1R,637100.0,2.321450753898008,2.321440956810125,9.79708788317879e-06,4.220261495102118e-06,2.321450751753308,9.238619305416764e-10,354306702613.0495,0.0
40,1e-08,5.0,100km,100000.0,0.3662206001835546,0.3658220012971751,0.0003985988863794976,0.0010895979054460867,0.36622059984397226,9.272617716604165e-10,363732049378.69354,0.0
40,1e-08,5.0,1000km,1000000.0,3.622070205116695,3.622066255311912,3.949804783243138e-06,1.090483857784375e-06,3.6220702017945863,9.171850972464399e-10,340349431815.5128,0.0
41,1e-08,10.0,surface,6371000.0,9.82030230022186,9.820302300221863,-3.552713678800501e-15,-3.617723334973341e-16,9.820302293385641,6.961311880223398e-10,0.0,0.0
41,1e-08,10.0,0_9R,5733900.0,10.013958742335284,10.01395872123657,2.1098713887113263e-08,2.10693038332276e-09,10.013958734732237,7.592448982674672e-10,22527180939.47459,0.0
41,1e-08,10.0,0_75R,4778250.0,9.937048749673055,9.937048674460394,7.521266098819979e-08,7.56891341203821e-09,9.937048741453479,8.271647190933439e-10,66601121068.788445,0.0
41,1e-08,10.0,0_5R,3185500.0,10.016605677778236,10.016605385132197,2.926460389574004e-07,2.9216089453996008e-08,10.016605669267184,8.496941678860891e-10,166680631921.35873,0.0
41,1e-08,10.0,0_25R,1592750.0,5.535156472419878,5.53515495652306,1.5158968178496934e-06,2.738670967220605e-07,5.53515646731788,9.217441214835298e-10,306726771320.6708,0.0
41,1e-08,10.0,0_1R,637100.0,2.321450753898008,2.321440956810125,9.79708788317879e-06,4.220261495102118e-06,2.321450751753308,9.238619305416764e-10,354306702613.0495,0.0
41,1e-08,10.0,100km,100000.0,0.3662206001835546,0.3658220012971751,0.0003985988863794976,0.0010895979054460867,0.36622059984397226,9.272617716604165e-10,363732049378.6934,1.6780252483732682e-16
41,1e-08,10.0,1000km,1000000.0,3.622070205116695,3.622066255311912,3.949804783243138e-06,1.090483857784375e-06,3.6220702017945863,9.171850972464399e-10,340349431815.5128,0.0
42,1e-08,100.0,surface,6371000.0,9.82030230022186,9.820302300221863,-3.552713678800501e-15,-3.617723334973341e-16,9.820302293385641,6.961311880223398e-10,0.0,0.0
42,1e-08,100.0,0_9R,5733900.0,10.013958742335284,10.01395872123657,2.1098713887113263e-08,2.10693038332276e-09,10.013958734732237,7.592448982674672e-10,22527180939.47459,0.0
42,1e-08,100.0,0_75R,4778250.0,9.937048749673057,9.937048674460394,7.521266276455663e-08,7.568913590799218e-09,9.937048741453479,8.271648978543509e-10,66601121068.788445,0.0
42,1e-08,100.0,0_5R,3185500.0,10.016605677778236,10.016605385132197,2.926460389574004e-07,2.9216089453996008e-08,10.016605669267184,8.496941678860891e-10,166680631921.35873,0.0
42,1e-08,100.0,0_25R,1592750.0,5.535156472419878,5.53515495652306,1.5158968178496934e-06,2.738670967220605e-07,5.53515646731788,9.217441214835298e-10,306726771320.6708,0.0
42,1e-08,100.0,0_1R,637100.0,2.3214507538980076,2.321440956810125,9.7970878827347e-06,4.220261494910819e-06,2.321450751753308,9.238617392435369e-10,354306702613.0495,0.0
42,1e-08,100.0,100km,100000.0,0.3662206001835546,0.3658220012971751,0.0003985988863794976,0.0010895979054460867,0.36622059984397226,9.272617716604165e-10,363732049378.6934,3.356050496746536e-16
42,1e-08,100.0,1000km,1000000.0,3.6220702051166946,3.622066255311912,3.949804782799049e-06,1.0904838576617684e-06,3.6220702017945863,9.171849746399787e-10,340349431815.5128,0.0
43,1e-07,1.001,surface,6371000.0,9.82030230022186,9.820302300221863,-3.552713678800501e-15,-3.617723334973341e-16,9.820302293385641,6.961311880223398e-10,0.0,0.0
43,1e-07,1.001,0_9R,5733900.0,10.013958932223698,10.01395872123657,2.109871282129916e-07,2.1069302768899166e-08,10.01395892462065,7.592448838703829e-10,22527179120.155403,0.0
43,1e-07,1.001,0_75R,4778250.0,9.937049426587041,9.937048674460394,7.521266471854915e-07,7.568913787436326e-08,9.937049418367469,8.271643052247118e-10,66601117131.53221,0.0
43,1e-07,1.001,0_5R,3185500.0,10.016608311592574,10.016605385132197,2.926460377139506e-06,2.9216089329857165e-07,10.01660830308153,8.496932350988857e-10,166680634402.5688,0.0
43,1e-07,1.001,0_25R,1592750.0,5.535170115491231,5.53515495652306,1.5158968170503329e-05,2.738670965776453e-06,5.535170110389237,9.21741047266734e-10,306726877283.29675,1.989886142049012e-16
43,1e-07,1.001,0_1R,637100.0,2.321538927688959,2.321440956810125,9.797087883400835e-05,4.220261495197768e-05,2.321538925544263,9.238251199542324e-10,354307230618.10474,1.7226618870724557e-16
43,1e-07,1.001,100km,100000.0,0.3698079901609716,0.3658220012971751,0.003985988863796475,0.010895979054464962,0.3698079898213922,9.182587436871094e-10,363736529247.563,2.0136054976801747e-15
43,1e-07,1.001,1000km,1000000.0,3.6221057533597425,3.622066255311912,3.9498047830655025e-05,1.0904838577353322e-05,3.622105750037638,9.171748697121228e-10,340349697755.2463,1.7933071970550675e-16
44,1e-07,1.005,surface,6371000.0,9.82030230022186,9.820302300221863,-3.552713678800501e-15,-3.617723334973341e-16,9.820302293385641,6.961311880223398e-10,0.0,0.0
44,1e-07,1.005,0_9R,5733900.0,10.013958932223698,10.01395872123657,2.109871282129916e-07,2.1069302768899166e-08,10.01395892462065,7.592448838703829e-10,22527179120.155403,0.0
44,1e-07,1.005,0_75R,4778250.0,9.937049426587041,9.937048674460394,7.521266471854915e-07,7.568913787436326e-08,9.937049418367469,8.271643052247118e-10,66601117131.53221,0.0
44,1e-07,1.005,0_5R,3185500.0,10.016608311592574,10.016605385132197,2.926460377139506e-06,2.9216089329857165e-07,10.01660830308153,8.496932350988857e-10,166680634402.5688,0.0
44,1e-07,1.005,0_25R,1592750.0,5.535170115491231,5.53515495652306,1.5158968170503329e-05,2.738670965776453e-06,5.535170110389237,9.21741047266734e-10,306726877283.29675,1.989886142049012e-16
44,1e-07,1.005,0_1R,637100.0,2.321538927688959,2.321440956810125,9.797087883400835e-05,4.220261495197768e-05,2.321538925544263,9.238251199542324e-10,354307230618.10474,1.7226618870724557e-16
44,1e-07,1.005,100km,100000.0,0.3698079901609716,0.3658220012971751,0.003985988863796475,0.010895979054464962,0.3698079898213922,9.182587436871094e-10,363736529247.563,2.0136054976801747e-15
44,1e-07,1.005,1000km,1000000.0,3.6221057533597425,3.622066255311912,3.9498047830655025e-05,1.0904838577353322e-05,3.622105750037638,9.171748697121228e-10,340349697755.2463,1.7933071970550675e-16
45,1e-07,1.01,surface,6371000.0,9.82030230022186,9.820302300221863,-3.552713678800501e-15,-3.617723334973341e-16,9.820302293385641,6.961311880223398e-10,0.0,0.0
45,1e-07,1.01,0_9R,5733900.0,10.013958932223698,10.01395872123657,2.109871282129916e-07,2.1069302768899166e-08,10.01395892462065,7.592448838703829e-10,22527179120.155403,0.0
45,1e-07,1.01,0_75R,4778250.0,9.937049426587041,9.937048674460394,7.521266471854915e-07,7.568913787436326e-08,9.937049418367469,8.271643052247118e-10,66601117131.53221,0.0
45,1e-07,1.01,0_5R,3185500.0,10.016608311592574,10.016605385132197,2.926460377139506e-06,2.9216089329857165e-07,10.01660830308153,8.496932350988857e-10,166680634402.5688,0.0
45,1e-07,1.01,0_25R,1592750.0,5.535170115491231,5.53515495652306,1.5158968170503329e-05,2.738670965776453e-06,5.535170110389237,9.21741047266734e-10,306726877283.29675,1.989886142049012e-16
45,1e-07,1.01,0_1R,637100.0,2.321538927688959,2.321440956810125,9.797087883400835e-05,4.220261495197768e-05,2.321538925544263,9.238251199542324e-10,354307230618.10474,1.7226618870724557e-16
45,1e-07,1.01,100km,100000.0,0.3698079901609716,0.3658220012971751,0.003985988863796475,0.010895979054464962,0.3698079898213922,9.182587436871094e-10,363736529247.5631,2.181405955820188e-15
45,1e-07,1.01,1000km,1000000.0,3.6221057533597425,3.622066255311912,3.9498047830655025e-05,1.0904838577353322e-05,3.622105750037638,9.171748697121228e-10,340349697755.2463,1.7933071970550675e-16
46,1e-07,1.1,surface,6371000.0,9.82030230022186,9.820302300221863,-3.552713678800501e-15,-3.617723334973341e-16,9.820302293385641,6.961311880223398e-10,0.0,0.0
46,1e-07,1.1,0_9R,5733900.0,10.013958932223698,10.01395872123657,2.109871282129916e-07,2.1069302768899166e-08,10.01395892462065,7.592448838703829e-10,22527179120.155403,0.0
46,1e-07,1.1,0_75R,4778250.0,9.937049426587041,9.937048674460394,7.521266471854915e-07,7.568913787436326e-08,9.937049418367469,8.271643052247118e-10,66601117131.53221,0.0
46,1e-07,1.1,0_5R,3185500.0,10.016608311592572,10.016605385132197,2.926460375363149e-06,2.921608931212304e-07,10.01660830308153,8.496930577577353e-10,166680634402.5688,0.0
46,1e-07,1.1,0_25R,1592750.0,5.535170115491231,5.53515495652306,1.5158968170503329e-05,2.738670965776453e-06,5.535170110389237,9.21741047266734e-10,306726877283.29675,1.989886142049012e-16
46,1e-07,1.1,0_1R,637100.0,2.321538927688959,2.321440956810125,9.797087883400835e-05,4.220261495197768e-05,2.321538925544263,9.238251199542324e-10,354307230618.10474,1.7226618870724557e-16
46,1e-07,1.1,100km,100000.0,0.3698079901609716,0.3658220012971751,0.003985988863796475,0.010895979054464962,0.3698079898213922,9.182587436871094e-10,363736529247.565,3.3560091628002906e-15
46,1e-07,1.1,1000km,1000000.0,3.622105753359743,3.622066255311912,3.9498047831099115e-05,1.090483857747593e-05,3.622105750037638,9.171749923173807e-10,340349697755.2463,1.7933071970550675e-16
47,1e-07,1.2042013330037094,surface,6371000.0,9.820302300221858,9.820302300221863,-5.329070518200751e-15,-5.426585002460011e-16,9.820302293385641,6.961310071361729e-10,0.0,0.0
47,1e-07,1.2042013330037094,0_9R,5733900.0,10.013958932223698,10.01395872123657,2.109871282129916e-07,2.1069302768899166e-08,10.01395892462065,7.592448838703829e-10,22527179120.155403,0.0
47,1e-07,1.2042013330037094,0_75R,4778250.0,9.93704942658704,9.937048674460394,7.521266454091347e-07,7.568913769560225e-08,9.937049418367469,8.27164126463717e-10,66601117131.53221,0.0
47,1e-07,1.2042013330037094,0_5R,3185500.0,10.016608311592574,10.016605385132197,2.926460377139506e-06,2.9216089329857165e-07,10.01660830308153,8.496932350988857e-10,166680634402.5688,0.0
47,1e-07,1.2042013330037094,0_25R,1592750.0,5.535170115491231,5.53515495652306,1.5158968170503329e-05,2.738670965776453e-06,5.535170110389237,9.21741047266734e-10,306726877283.29675,1.989886142049012e-16
47,1e-07,1.2042013330037094,0_1R,637100.0,2.321538927688959,2.321440956810125,9.797087883400835e-05,4.220261495197768e-05,2.321538925544263,9.238251199542324e-10,354307230618.10474,1.7226618870724557e-16
47,1e-07,1.2042013330037094,100km,100000.0,0.3698079901609716,0.3658220012971751,0.003985988863796475,0.010895979054464962,0.3698079898213922,9.182587436871094e-10,363736529247.56323,1.3424036651201165e-15
47,1e-07,1.2042013330037094,1000km,1000000.0,3.6221057533597425,3.622066255311912,3.9498047830655025e-05,1.0904838577353322e-05,3.622105750037638,9.171748697121228e-10,340349697755.2463,1.7933071970550675e-16
48,1e-07,1.2163649828320298,surface,6371000.0,9.820302300221858,9.820302300221863,-5.329070518200751e-15,-5.426585002460011e-16,9.820302293385641,6.961310071361729e-10,0.0,0.0
48,1e-07,1.2163649828320298,0_9R,5733900.0,10.013958932223698,10.01395872123657,2.109871282129916e-07,2.1069302768899166e-08,10.01395892462065,7.592448838703829e-10,22527179120.155403,0.0
48,1e-07,1.2163649828320298,0_75R,4778250.0,9.93704942658704,9.937048674460394,7.521266454091347e-07,7.568913769560225e-08,9.937049418367469,8.27164126463717e-10,66601117131.53221,0.0
48,1e-07,1.2163649828320298,0_5R,3185500.0,10.016608311592574,10.016605385132197,2.926460377139506e-06,2.9216089329857165e-07,10.01660830308153,8.496932350988857e-10,166680634402.5688,0.0
48,1e-07,1.2163649828320298,0_25R,1592750.0,5.535170115491231,5.53515495652306,1.5158968170503329e-05,2.738670965776453e-06,5.535170110389237,9.21741047266734e-10,306726877283.29675,1.989886142049012e-16
48,1e-07,1.2163649828320298,0_1R,637100.0,2.3215389276889584,2.321440956810125,9.797087883356426e-05,4.220261495178638e-05,2.321538925544263,9.238249286633585e-10,354307230618.10474,1.7226618870724557e-16
48,1e-07,1.2163649828320298,100km,100000.0,0.36980799016097154,0.3658220012971751,0.003985988863796419,0.010895979054464811,0.3698079898213922,9.182585935790728e-10,363736529247.56445,1.5102041232601304e-15
48,1e-07,1.2163649828320298,1000km,1000000.0,3.6221057533597425,3.622066255311912,3.9498047830655025e-05,1.0904838577353322e-05,3.622105750037638,9.171748697121228e-10,340349697755.2463,1.7933071970550675e-16
49,1e-07,1.2285286326603502,surface,6371000.0,9.82030230022186,9.820302300221863,-3.552713678800501e-15,-3.617723334973341e-16,9.820302293385641,6.961311880223398e-10,0.0,0.0
49,1e-07,1.2285286326603502,0_9R,5733900.0,10.013958932223698,10.01395872123657,2.109871282129916e-07,2.1069302768899166e-08,10.01395892462065,7.592448838703829e-10,22527179120.155403,0.0
49,1e-07,1.2285286326603502,0_75R,4778250.0,9.937049426587041,9.937048674460394,7.521266471854915e-07,7.568913787436326e-08,9.937049418367469,8.271643052247118e-10,66601117131.53221,0.0
49,1e-07,1.2285286326603502,0_5R,3185500.0,10.016608311592572,10.016605385132197,2.926460375363149e-06,2.921608931212304e-07,10.01660830308153,8.496930577577353e-10,166680634402.5688,0.0
49,1e-07,1.2285286326603502,0_25R,1592750.0,5.535170115491231,5.53515495652306,1.5158968170503329e-05,2.738670965776453e-06,5.535170110389237,9.21741047266734e-10,306726877283.29675,1.989886142049012e-16
49,1e-07,1.2285286326603502,0_1R,637100.0,2.321538927688959,2.321440956810125,9.797087883400835e-05,4.220261495197768e-05,2.321538925544263,9.238251199542324e-10,354307230618.10474,1.7226618870724557e-16
49,1e-07,1.2285286326603502,100km,100000.0,0.3698079901609716,0.3658220012971751,0.003985988863796475,0.010895979054464962,0.3698079898213922,9.182587436871094e-10,363736529247.56464,2.5170068721002183e-15
49,1e-07,1.2285286326603502,1000km,1000000.0,3.6221057533597425,3.622066255311912,3.9498047830655025e-05,1.0904838577353322e-05,3.622105750037638,9.171748697121228e-10,340349697755.2463,1.7933071970550675e-16
50,1e-07,1.5,surface,6371000.0,9.82030230022186,9.820302300221863,-3.552713678800501e-15,-3.617723334973341e-16,9.820302293385641,6.961311880223398e-10,0.0,0.0
50,1e-07,1.5,0_9R,5733900.0,10.013958932223698,10.01395872123657,2.109871282129916e-07,2.1069302768899166e-08,10.01395892462065,7.592448838703829e-10,22527179120.155403,0.0
50,1e-07,1.5,0_75R,4778250.0,9.93704942658704,9.937048674460394,7.521266454091347e-07,7.568913769560225e-08,9.937049418367469,8.27164126463717e-10,66601117131.53221,0.0
50,1e-07,1.5,0_5R,3185500.0,10.016608311592574,10.016605385132197,2.926460377139506e-06,2.9216089329857165e-07,10.01660830308153,8.496932350988857e-10,166680634402.5688,0.0
50,1e-07,1.5,0_25R,1592750.0,5.535170115491231,5.53515495652306,1.5158968170503329e-05,2.738670965776453e-06,5.535170110389237,9.21741047266734e-10,306726877283.29675,1.989886142049012e-16
50,1e-07,1.5,0_1R,637100.0,2.321538927688959,2.321440956810125,9.797087883400835e-05,4.220261495197768e-05,2.321538925544263,9.238251199542324e-10,354307230618.10474,1.7226618870724557e-16
50,1e-07,1.5,100km,100000.0,0.36980799016097154,0.3658220012971751,0.003985988863796419,0.010895979054464811,0.3698079898213922,9.182585935790728e-10,363736529247.5636,6.712018325600581e-16
50,1e-07,1.5,1000km,1000000.0,3.6221057533597425,3.622066255311912,3.9498047830655025e-05,1.0904838577353322e-05,3.622105750037638,9.171748697121228e-10,340349697755.2463,1.7933071970550675e-16
51,1e-07,1.99,surface,6371000.0,9.820302300221858,9.820302300221863,-5.329070518200751e-15,-5.426585002460011e-16,9.820302293385641,6.961310071361729e-10,0.0,0.0
51,1e-07,1.99,0_9R,5733900.0,10.013958932223698,10.01395872123657,2.109871282129916e-07,2.1069302768899166e-08,10.01395892462065,7.592448838703829e-10,22527179120.155403,0.0
51,1e-07,1.99,0_75R,4778250.0,9.937049426587041,9.937048674460394,7.521266471854915e-07,7.568913787436326e-08,9.937049418367469,8.271643052247118e-10,66601117131.53221,0.0
51,1e-07,1.99,0_5R,3185500.0,10.016608311592574,10.016605385132197,2.926460377139506e-06,2.9216089329857165e-07,10.01660830308153,8.496932350988857e-10,166680634402.5688,0.0
51,1e-07,1.99,0_25R,1592750.0,5.535170115491231,5.53515495652306,1.5158968170503329e-05,2.738670965776453e-06,5.535170110389237,9.21741047266734e-10,306726877283.29675,1.989886142049012e-16
51,1e-07,1.99,0_1R,637100.0,2.321538927688959,2.321440956810125,9.797087883400835e-05,4.220261495197768e-05,2.321538925544263,9.238251199542324e-10,354307230618.10474,1.7226618870724557e-16
51,1e-07,1.99,100km,100000.0,0.3698079901609716,0.3658220012971751,0.003985988863796475,0.010895979054464962,0.3698079898213922,9.182587436871094e-10,363736529247.56323,1.678004581400145e-15
51,1e-07,1.99,1000km,1000000.0,3.6221057533597425,3.622066255311912,3.9498047830655025e-05,1.0904838577353322e-05,3.622105750037638,9.171748697121228e-10,340349697755.2463,1.7933071970550675e-16
52,1e-07,2.0,surface,6371000.0,9.820302300221858,9.820302300221863,-5.329070518200751e-15,-5.426585002460011e-16,9.820302293385641,6.961310071361729e-10,0.0,0.0
52,1e-07,2.0,0_9R,5733900.0,10.013958932223698,10.01395872123657,2.109871282129916e-07,2.1069302768899166e-08,10.01395892462065,7.592448838703829e-10,22527179120.155403,0.0
52,1e-07,2.0,0_75R,4778250.0,9.937049426587041,9.937048674460394,7.521266471854915e-07,7.568913787436326e-08,9.937049418367469,8.271643052247118e-10,66601117131.53221,0.0
52,1e-07,2.0,0_5R,3185500.0,10.016608311592574,10.016605385132197,2.926460377139506e-06,2.9216089329857165e-07,10.01660830308153,8.496932350988857e-10,166680634402.5688,0.0
52,1e-07,2.0,0_25R,1592750.0,5.535170115491231,5.53515495652306,1.5158968170503329e-05,2.738670965776453e-06,5.535170110389237,9.21741047266734e-10,306726877283.29675,1.989886142049012e-16
52,1e-07,2.0,0_1R,637100.0,2.321538927688959,2.321440956810125,9.797087883400835e-05,4.220261495197768e-05,2.321538925544263,9.238251199542324e-10,354307230618.10474,1.7226618870724557e-16
52,1e-07,2.0,100km,100000.0,0.3698079901609716,0.3658220012971751,0.003985988863796475,0.010895979054464962,0.3698079898213922,9.182587436871094e-10,363736529247.56323,1.678004581400145e-15
52,1e-07,2.0,1000km,1000000.0,3.6221057533597425,3.622066255311912,3.9498047830655025e-05,1.0904838577353322e-05,3.622105750037638,9.171748697121228e-10,340349697755.2463,1.7933071970550675e-16
53,1e-07,2.01,surface,6371000.0,9.82030230022186,9.820302300221863,-3.552713678800501e-15,-3.617723334973341e-16,9.820302293385641,6.961311880223398e-10,0.0,0.0
53,1e-07,2.01,0_9R,5733900.0,10.013958932223698,10.01395872123657,2.109871282129916e-07,2.1069302768899166e-08,10.01395892462065,7.592448838703829e-10,22527179120.155403,0.0
53,1e-07,2.01,0_75R,4778250.0,9.937049426587041,9.937048674460394,7.521266471854915e-07,7.568913787436326e-08,9.937049418367469,8.271643052247118e-10,66601117131.53221,0.0
53,1e-07,2.01,0_5R,3185500.0,10.016608311592574,10.016605385132197,2.926460377139506e-06,2.9216089329857165e-07,10.01660830308153,8.496932350988857e-10,166680634402.5688,0.0
53,1e-07,2.01,0_25R,1592750.0,5.535170115491231,5.53515495652306,1.5158968170503329e-05,2.738670965776453e-06,5.535170110389237,9.21741047266734e-10,306726877283.29675,1.989886142049012e-16
53,1e-07,2.01,0_1R,637100.0,2.321538927688959,2.321440956810125,9.797087883400835e-05,4.220261495197768e-05,2.321538925544263,9.238251199542324e-10,354307230618.10474,1.7226618870724557e-16
53,1e-07,2.01,100km,100000.0,0.3698079901609716,0.3658220012971751,0.003985988863796475,0.010895979054464962,0.3698079898213922,9.182587436871094e-10,363736529247.56323,1.845805039540159e-15
53,1e-07,2.01,1000km,1000000.0,3.6221057533597425,3.622066255311912,3.9498047830655025e-05,1.0904838577353322e-05,3.622105750037638,9.171748697121228e-10,340349697755.2463,1.7933071970550675e-16
54,1e-07,5.0,surface,6371000.0,9.820302300221858,9.820302300221863,-5.329070518200751e-15,-5.426585002460011e-16,9.820302293385641,6.961310071361729e-10,0.0,0.0
54,1e-07,5.0,0_9R,5733900.0,10.013958932223698,10.01395872123657,2.109871282129916e-07,2.1069302768899166e-08,10.01395892462065,7.592448838703829e-10,22527179120.155403,0.0
54,1e-07,5.0,0_75R,4778250.0,9.93704942658704,9.937048674460394,7.521266454091347e-07,7.568913769560225e-08,9.937049418367469,8.27164126463717e-10,66601117131.53221,0.0
54,1e-07,5.0,0_5R,3185500.0,10.016608311592574,10.016605385132197,2.926460377139506e-06,2.9216089329857165e-07,10.01660830308153,8.496932350988857e-10,166680634402.5688,0.0
54,1e-07,5.0,0_25R,1592750.0,5.535170115491231,5.53515495652306,1.5158968170503329e-05,2.738670965776453e-06,5.535170110389237,9.21741047266734e-10,306726877283.29675,1.989886142049012e-16
54,1e-07,5.0,0_1R,637100.0,2.321538927688959,2.321440956810125,9.797087883400835e-05,4.220261495197768e-05,2.321538925544263,9.238251199542324e-10,354307230618.10474,1.7226618870724557e-16
54,1e-07,5.0,100km,100000.0,0.3698079901609716,0.3658220012971751,0.003985988863796475,0.010895979054464962,0.3698079898213922,9.182587436871094e-10,363736529247.56354,6.712018325600582e-16
54,1e-07,5.0,1000km,1000000.0,3.6221057533597425,3.622066255311912,3.9498047830655025e-05,1.0904838577353322e-05,3.622105750037638,9.171748697121228e-10,340349697755.2463,1.7933071970550675e-16
55,1e-07,10.0,surface,6371000.0,9.820302300221858,9.820302300221863,-5.329070518200751e-15,-5.426585002460011e-16,9.820302293385641,6.961310071361729e-10,0.0,0.0
55,1e-07,10.0,0_9R,5733900.0,10.013958932223698,10.01395872123657,2.109871282129916e-07,2.1069302768899166e-08,10.01395892462065,7.592448838703829e-10,22527179120.155403,0.0
55,1e-07,10.0,0_75R,4778250.0,9.93704942658704,9.937048674460394,7.521266454091347e-07,7.568913769560225e-08,9.937049418367469,8.27164126463717e-10,66601117131.53221,0.0
55,1e-07,10.0,0_5R,3185500.0,10.016608311592574,10.016605385132197,2.926460377139506e-06,2.9216089329857165e-07,10.01660830308153,8.496932350988857e-10,166680634402.5688,0.0
55,1e-07,10.0,0_25R,1592750.0,5.535170115491231,5.53515495652306,1.5158968170503329e-05,2.738670965776453e-06,5.535170110389237,9.21741047266734e-10,306726877283.29675,1.989886142049012e-16
55,1e-07,10.0,0_1R,637100.0,2.321538927688959,2.321440956810125,9.797087883400835e-05,4.220261495197768e-05,2.321538925544263,9.238251199542324e-10,354307230618.10474,1.7226618870724557e-16
55,1e-07,10.0,100km,100000.0,0.3698079901609716,0.3658220012971751,0.003985988863796475,0.010895979054464962,0.3698079898213922,9.182587436871094e-10,363736529247.56305,2.1814059558201886e-15
55,1e-07,10.0,1000km,1000000.0,3.6221057533597425,3.622066255311912,3.9498047830655025e-05,1.0904838577353322e-05,3.622105750037638,9.171748697121228e-10,340349697755.2463,1.7933071970550675e-16
56,1e-07,100.0,surface,6371000.0,9.820302300221858,9.820302300221863,-5.329070518200751e-15,-5.426585002460011e-16,9.820302293385641,6.961310071361729e-10,0.0,0.0
56,1e-07,100.0,0_9R,5733900.0,10.013958932223698,10.01395872123657,2.109871282129916e-07,2.1069302768899166e-08,10.01395892462065,7.592448838703829e-10,22527179120.155403,0.0
56,1e-07,100.0,0_75R,4778250.0,9.937049426587041,9.937048674460394,7.521266471854915e-07,7.568913787436326e-08,9.937049418367469,8.271643052247118e-10,66601117131.53221,0.0
56,1e-07,100.0,0_5R,3185500.0,10.016608311592574,10.016605385132197,2.926460377139506e-06,2.9216089329857165e-07,10.01660830308153,8.496932350988857e-10,166680634402.5688,0.0
56,1e-07,100.0,0_25R,1592750.0,5.535170115491231,5.53515495652306,1.5158968170503329e-05,2.738670965776453e-06,5.535170110389237,9.21741047266734e-10,306726877283.29675,1.989886142049012e-16
56,1e-07,100.0,0_1R,637100.0,2.321538927688959,2.321440956810125,9.797087883400835e-05,4.220261495197768e-05,2.321538925544263,9.238251199542324e-10,354307230618.10474,1.7226618870724557e-16
56,1e-07,100.0,100km,100000.0,0.3698079901609716,0.3658220012971751,0.003985988863796475,0.010895979054464962,0.3698079898213922,9.182587436871094e-10,363736529247.56506,3.691610079080321e-15
56,1e-07,100.0,1000km,1000000.0,3.622105753359743,3.622066255311912,3.9498047831099115e-05,1.090483857747593e-05,3.622105750037638,9.171749923173807e-10,340349697755.2463,1.7933071970550675e-16
57,1e-06,1.001,surface,6371000.0,9.820302300221833,9.820302300221863,-3.019806626980426e-14,-3.0750648347273395e-15,9.820302293385641,6.961284747298367e-10,0.0,0.0
57,1e-06,1.001,0_9R,5733900.0,10.01396083110782,10.01395872123657,2.109871250155493e-06,2.1069302449600632e-07,10.013960823504801,7.592419016910003e-10,22527160926.961266,0.0
57,1e-06,1.001,0_75R,4778250.0,9.93705619572688,9.937048674460394,7.52126648606577e-06,7.568913801737207e-07,9.937056187507338,8.271607028241144e-10,66601077758.94766,0.0
57,1e-06,1.001,0_5R,3185500.0,10.016634649735952,10.016605385132197,2.9264603755407848e-05,2.9216089313896458e-06,10.016634641224943,8.496874540675168e-10,166680659214.49194,0.0
57,1e-06,1.001,0_25R,1592750.0,5.535306546204763,5.53515495652306,0.00015158968170236875,2.738670965728314e-05,5.5353065411028055,9.217117500448354e-10,306727936908.2299,5.969637803314392e-16
57,1e-06,1.001,0_1R,637100.0,2.3224206655984707,2.321440956810125,0.0009797087883458566,0.0004220261495222637,2.3224206634538085,9.234598448671855e-10,354312510663.1081,6.890544862304821e-16
57,1e-06,1.001,100km,100000.0,0.4056818899351357,0.3658220012971751,0.03985988863796058,0.10895979054463825,0.4056818895955913,8.369720249057673e-10,363781327891.5774,2.2650272188257046e-14
57,1e-06,1.001,1000km,1000000.0,3.6224612357902206,3.622066255311912,0.0003949804783087707,0.00010904838577414626,3.6224612324681504,9.170754250533863e-10,340352357149.6384,7.173172739117007e-16
58,1e-06,1.005,surface,6371000.0,9.820302300221833,9.820302300221863,-3.019806626980426e-14,-3.0750648347273395e-15,9.820302293385641,6.961284747298367e-10,0.0,0.0
58,1e-06,1.005,0_9R,5733900.0,10.01396083110782,10.01395872123657,2.109871250155493e-06,2.1069302449600632e-07,10.013960823504801,7.592419016910003e-10,22527160926.961266,0.0
58,1e-06,1.005,0_75R,4778250.0,9.93705619572688,9.937048674460394,7.52126648606577e-06,7.568913801737207e-07,9.937056187507338,8.271607028241144e-10,66601077758.94766,0.0
58,1e-06,1.005,0_5R,3185500.0,10.016634649735952,10.016605385132197,2.9264603755407848e-05,2.9216089313896458e-06,10.016634641224943,8.496874540675168e-10,166680659214.49194,0.0
58,1e-06,1.005,0_25R,1592750.0,5.535306546204763,5.53515495652306,0.00015158968170236875,2.738670965728314e-05,5.5353065411028055,9.217117500448354e-10,306727936908.2299,5.969637803314392e-16
58,1e-06,1.005,0_1R,637100.0,2.322420665598471,2.321440956810125,0.0009797087883463007,0.000422026149522455,2.3224206634538085,9.234600360854332e-10,354312510663.1081,6.890544862304821e-16
58,1e-06,1.005,100km,100000.0,0.4056818899351357,0.3658220012971751,0.03985988863796058,0.10895979054463825,0.4056818895955913,8.369720249057673e-10,363781327891.5765,2.197915301230876e-14
58,1e-06,1.005,1000km,1000000.0,3.6224612357902206,3.622066255311912,0.0003949804783087707,0.00010904838577414626,3.6224612324681504,9.170754250533863e-10,340352357149.6384,7.173172739117007e-16
59,1e-06,1.01,surface,6371000.0,9.820302300221833,9.820302300221863,-3.019806626980426e-14,-3.0750648347273395e-15,9.820302293385641,6.961284747298367e-10,0.0,0.0
59,1e-06,1.01,0_9R,5733900.0,10.01396083110782,10.01395872123657,2.109871250155493e-06,2.1069302449600632e-07,10.013960823504801,7.592419016910003e-10,22527160926.961266,0.0
59,1e-06,1.01,0_75R,4778250.0,9.93705619572688,9.937048674460394,7.52126648606577e-06,7.568913801737207e-07,9.937056187507338,8.271607028241144e-10,66601077758.94766,0.0
59,1e-06,1.01,0_5R,3185500.0,10.016634649735952,10.016605385132197,2.9264603755407848e-05,2.9216089313896458e-06,10.016634641224943,8.496874540675168e-10,166680659214.49194,0.0
59,1e-06,1.01,0_25R,1592750.0,5.535306546204763,5.53515495652306,0.00015158968170236875,2.738670965728314e-05,5.5353065411028055,9.217117500448354e-10,306727936908.2299,5.969637803314392e-16
59,1e-06,1.01,0_1R,637100.0,2.3224206655984716,2.321440956810125,0.0009797087883467448,0.00042202614952264626,2.3224206634538085,9.23460227303681e-10,354312510663.1081,6.890544862304821e-16
59,1e-06,1.01,100km,100000.0,0.4056818899351356,0.3658220012971751,0.03985988863796047,0.10895979054463795,0.4056818895955913,8.369717512373948e-10,363781327891.5749,2.617364786198601e-14
59,1e-06,1.01,1000km,1000000.0,3.6224612357902206,3.622066255311912,0.0003949804783087707,0.00010904838577414626,3.6224612324681504,9.170754250533863e-10,340352357149.6384,7.173172739117007e-16
60,1e-06,1.1,surface,6371000.0,9.820302300221833,9.820302300221863,-3.019806626980426e-14,-3.0750648347273395e-15,9.820302293385641,6.961284747298367e-10,0.0,0.0
60,1e-06,1.1,0_9R,5733900.0,10.01396083110782,10.01395872123657,2.109871250155493e-06,2.1069302449600632e-07,10.013960823504801,7.592419016910003e-10,22527160926.961266,0.0
60,1e-06,1.1,0_75R,4778250.0,9.93705619572688,9.937048674460394,7.52126648606577e-06,7.568913801737207e-07,9.937056187507338,8.271607028241144e-10,66601077758.94766,0.0
60,1e-06,1.1,0_5R,3185500.0,10.016634649735952,10.016605385132197,2.9264603755407848e-05,2.9216089313896458e-06,10.016634641224943,8.496874540675168e-10,166680659214.49194,0.0
60,1e-06,1.1,0_25R,1592750.0,5.535306546204762,5.53515495652306,0.00015158968170148057,2.7386709657122683e-05,5.5353065411028055,9.217115895878828e-10,306727936908.2299,5.969637803314392e-16
60,1e-06,1.1,0_1R,637100.0,2.322420665598471,2.321440956810125,0.0009797087883463007,0.000422026149522455,2.3224206634538085,9.234600360854332e-10,354312510663.1081,6.890544862304821e-16
60,1e-06,1.1,100km,100000.0,0.4056818899351357,0.3658220012971751,0.03985988863796058,0.10895979054463825,0.4056818895955913,8.369720249057673e-10,363781327891.58887,1.2080145167070464e-14
60,1e-06,1.1,1000km,1000000.0,3.6224612357902206,3.622066255311912,0.0003949804783087707,0.00010904838577414626,3.6224612324681504,9.170754250533863e-10,340352357149.6384,7.173172739117007e-16
61,1e-06,1.2042013330037094,surface,6371000.0,9.820302300221833,9.820302300221863,-3.019806626980426e-14,-3.0750648347273395e-15,9.820302293385641,6.961284747298367e-10,0.0,0.0
61,1e-06,1.2042013330037094,0_9R,5733900.0,10.013960831107822,10.01395872123657,2.1098712519318497e-06,2.106930246733944e-07,10.013960823504801,7.592420790790359e-10,22527160926.961266,0.0
61,1e-06,1.2042013330037094,0_75R,4778250.0,9.93705619572688,9.937048674460394,7.52126648606577e-06,7.568913801737207e-07,9.937056187507338,8.271607028241144e-10,66601077758.94766,0.0
61,1e-06,1.2042013330037094,0_5R,3185500.0,10.016634649735952,10.016605385132197,2.9264603755407848e-05,2.9216089313896458e-06,10.016634641224943,8.496874540675168e-10,166680659214.49194,0.0
61,1e-06,1.2042013330037094,0_25R,1592750.0,5.535306546204763,5.53515495652306,0.00015158968170236875,2.738670965728314e-05,5.5353065411028055,9.217117500448354e-10,306727936908.2299,5.969637803314392e-16
61,1e-06,1.2042013330037094,0_1R,637100.0,2.322420665598471,2.321440956810125,0.0009797087883463007,0.000422026149522455,2.3224206634538085,9.234600360854332e-10,354312510663.1081,6.890544862304821e-16
61,1e-06,1.2042013330037094,100km,100000.0,0.4056818899351357,0.3658220012971751,0.03985988863796058,0.10895979054463825,0.4056818895955913,8.369720249057673e-10,363781327891.56726,4.7146122110372234e-14
61,1e-06,1.2042013330037094,1000km,1000000.0,3.6224612357902206,3.622066255311912,0.0003949804783087707,0.00010904838577414626,3.6224612324681504,9.170754250533863e-10,340352357149.6384,7.173172739117007e-16
62,1e-06,1.2163649828320298,surface,6371000.0,9.820302300221833,9.820302300221863,-3.019806626980426e-14,-3.0750648347273395e-15,9.820302293385641,6.961284747298367e-10,0.0,0.0
62,1e-06,1.2163649828320298,0_9R,5733900.0,10.013960831107822,10.01395872123657,2.1098712519318497e-06,2.106930246733944e-07,10.013960823504801,7.592420790790359e-10,22527160926.961266,0.0
62,1e-06,1.2163649828320298,0_75R,4778250.0,9.93705619572688,9.937048674460394,7.52126648606577e-06,7.568913801737207e-07,9.937056187507338,8.271607028241144e-10,66601077758.94766,0.0
62,1e-06,1.2163649828320298,0_5R,3185500.0,10.016634649735952,10.016605385132197,2.9264603755407848e-05,2.9216089313896458e-06,10.016634641224943,8.496874540675168e-10,166680659214.49194,0.0
62,1e-06,1.2163649828320298,0_25R,1592750.0,5.535306546204763,5.53515495652306,0.00015158968170236875,2.738670965728314e-05,5.5353065411028055,9.217117500448354e-10,306727936908.2299,5.969637803314392e-16
62,1e-06,1.2163649828320298,0_1R,637100.0,2.322420665598471,2.321440956810125,0.0009797087883463007,0.000422026149522455,2.3224206634538085,9.234600360854332e-10,354312510663.1081,6.890544862304821e-16
62,1e-06,1.2163649828320298,100km,100000.0,0.4056818899351356,0.3658220012971751,0.03985988863796047,0.10895979054463795,0.4056818895955913,8.369717512373948e-10,363781327891.5703,3.9260471792979e-14
62,1e-06,1.2163649828320298,1000km,1000000.0,3.6224612357902206,3.622066255311912,0.0003949804783087707,0.00010904838577414626,3.6224612324681504,9.170754250533863e-10,340352357149.6384,7.173172739117007e-16
63,1e-06,1.2285286326603502,surface,6371000.0,9.820302300221833,9.820302300221863,-3.019806626980426e-14,-3.0750648347273395e-15,9.820302293385641,6.961284747298367e-10,0.0,0.0
63,1e-06,1.2285286326603502,0_9R,5733900.0,10.01396083110782,10.01395872123657,2.109871250155493e-06,2.1069302449600632e-07,10.013960823504801,7.592419016910003e-10,22527160926.961266,0.0
63,1e-06,1.2285286326603502,0_75R,4778250.0,9.93705619572688,9.937048674460394,7.52126648606577e-06,7.568913801737207e-07,9.937056187507338,8.271607028241144e-10,66601077758.94766,0.0
63,1e-06,1.2285286326603502,0_5R,3185500.0,10.016634649735952,10.016605385132197,2.9264603755407848e-05,2.9216089313896458e-06,10.016634641224943,8.496874540675168e-10,166680659214.49194,0.0
63,1e-06,1.2285286326603502,0_25R,1592750.0,5.535306546204763,5.53515495652306,0.00015158968170236875,2.738670965728314e-05,5.5353065411028055,9.217117500448354e-10,306727936908.2299,5.969637803314392e-16
63,1e-06,1.2285286326603502,0_1R,637100.0,2.322420665598471,2.321440956810125,0.0009797087883463007,0.000422026149522455,2.3224206634538085,9.234600360854332e-10,354312510663.1081,6.890544862304821e-16
63,1e-06,1.2285286326603502,100km,100000.0,0.4056818899351356,0.3658220012971751,0.03985988863796047,0.10895979054463795,0.4056818895955913,8.369717512373948e-10,363781327891.5739,3.2381500239508216e-14
63,1e-06,1.2285286326603502,1000km,1000000.0,3.6224612357902206,3.622066255311912,0.0003949804783087707,0.00010904838577414626,3.6224612324681504,9.170754250533863e-10,340352357149.6384,7.173172739117007e-16
64,1e-06,1.5,surface,6371000.0,9.820302300221833,9.820302300221863,-3.019806626980426e-14,-3.0750648347273395e-15,9.820302293385641,6.961284747298367e-10,0.0,0.0
64,1e-06,1.5,0_9R,5733900.0,10.01396083110782,10.01395872123657,2.109871250155493e-06,2.1069302449600632e-07,10.013960823504801,7.592419016910003e-10,22527160926.961266,0.0
64,1e-06,1.5,0_75R,4778250.0,9.93705619572688,9.937048674460394,7.52126648606577e-06,7.568913801737207e-07,9.937056187507338,8.271607028241144e-10,66601077758.94766,0.0
64,1e-06,1.5,0_5R,3185500.0,10.016634649735952,10.016605385132197,2.9264603755407848e-05,2.9216089313896458e-06,10.016634641224943,8.496874540675168e-10,166680659214.49194,0.0
64,1e-06,1.5,0_25R,1592750.0,5.535306546204762,5.53515495652306,0.00015158968170148057,2.7386709657122683e-05,5.5353065411028055,9.217115895878828e-10,306727936908.2299,5.969637803314392e-16
64,1e-06,1.5,0_1R,637100.0,2.3224206655984716,2.321440956810125,0.0009797087883467448,0.00042202614952264626,2.3224206634538085,9.23460227303681e-10,354312510663.1081,6.890544862304821e-16
64,1e-06,1.5,100km,100000.0,0.4056818899351356,0.3658220012971751,0.03985988863796047,0.10895979054463795,0.4056818895955913,8.369717512373948e-10,363781327891.5996,4.144160911481117e-14
64,1e-06,1.5,1000km,1000000.0,3.6224612357902206,3.622066255311912,0.0003949804783087707,0.00010904838577414626,3.6224612324681504,9.170754250533863e-10,340352357149.6384,7.173172739117007e-16
65,1e-06,1.99,surface,6371000.0,9.820302300221833,9.820302300221863,-3.019806626980426e-14,-3.0750648347273395e-15,9.820302293385641,6.961284747298367e-10,0.0,0.0
65,1e-06,1.99,0_9R,5733900.0,10.01396083110782,10.01395872123657,2.109871250155493e-06,2.1069302449600632e-07,10.013960823504801,7.592419016910003e-10,22527160926.961266,0.0
65,1e-06,1.99,0_75R,4778250.0,9.93705619572688,9.937048674460394,7.52126648606577e-06,7.568913801737207e-07,9.937056187507338,8.271607028241144e-10,66601077758.94766,0.0
65,1e-06,1.99,0_5R,3185500.0,10.016634649735952,10.016605385132197,2.9264603755407848e-05,2.9216089313896458e-06,10.016634641224943,8.496874540675168e-10,166680659214.49194,0.0
65,1e-06,1.99,0_25R,1592750.0,5.535306546204763,5.53515495652306,0.00015158968170236875,2.738670965728314e-05,5.5353065411028055,9.217117500448354e-10,306727936908.2299,5.969637803314392e-16
65,1e-06,1.99,0_1R,637100.0,2.3224206655984716,2.321440956810125,0.0009797087883467448,0.00042202614952264626,2.3224206634538085,9.23460227303681e-10,354312510663.1081,6.890544862304821e-16
65,1e-06,1.99,100km,100000.0,0.4056818899351356,0.3658220012971751,0.03985988863796047,0.10895979054463795,0.4056818895955913,8.369717512373948e-10,363781327891.6015,4.7146122110372247e-14
65,1e-06,1.99,1000km,1000000.0,3.6224612357902206,3.622066255311912,0.0003949804783087707,0.00010904838577414626,3.6224612324681504,9.170754250533863e-10,340352357149.6384,7.173172739117007e-16
66,1e-06,2.0,surface,6371000.0,9.820302300221833,9.820302300221863,-3.019806626980426e-14,-3.0750648347273395e-15,9.820302293385641,6.961284747298367e-10,0.0,0.0
66,1e-06,2.0,0_9R,5733900.0,10.01396083110782,10.01395872123657,2.109871250155493e-06,2.1069302449600632e-07,10.013960823504801,7.592419016910003e-10,22527160926.961266,0.0
66,1e-06,2.0,0_75R,4778250.0,9.93705619572688,9.937048674460394,7.52126648606577e-06,7.568913801737207e-07,9.937056187507338,8.271607028241144e-10,66601077758.94766,0.0
66,1e-06,2.0,0_5R,3185500.0,10.016634649735952,10.016605385132197,2.9264603755407848e-05,2.9216089313896458e-06,10.016634641224943,8.496874540675168e-10,166680659214.49194,0.0
66,1e-06,2.0,0_25R,1592750.0,5.535306546204763,5.53515495652306,0.00015158968170236875,2.738670965728314e-05,5.5353065411028055,9.217117500448354e-10,306727936908.2299,5.969637803314392e-16
66,1e-06,2.0,0_1R,637100.0,2.322420665598471,2.321440956810125,0.0009797087883463007,0.000422026149522455,2.3224206634538085,9.234600360854332e-10,354312510663.1081,6.890544862304821e-16
66,1e-06,2.0,100km,100000.0,0.40568188993513554,0.3658220012971751,0.03985988863796042,0.1089597905446378,0.4056818895955913,8.369716144032085e-10,363781327891.60175,4.7649461492333506e-14
66,1e-06,2.0,1000km,1000000.0,3.6224612357902206,3.622066255311912,0.0003949804783087707,0.00010904838577414626,3.6224612324681504,9.170754250533863e-10,340352357149.6384,7.173172739117007e-16
67,1e-06,2.01,surface,6371000.0,9.820302300221833,9.820302300221863,-3.019806626980426e-14,-3.0750648347273395e-15,9.820302293385641,6.961284747298367e-10,0.0,0.0
67,1e-06,2.01,0_9R,5733900.0,10.01396083110782,10.01395872123657,2.109871250155493e-06,2.1069302449600632e-07,10.013960823504801,7.592419016910003e-10,22527160926.961266,0.0
67,1e-06,2.01,0_75R,4778250.0,9.93705619572688,9.937048674460394,7.52126648606577e-06,7.568913801737207e-07,9.937056187507338,8.271607028241144e-10,66601077758.94766,0.0
67,1e-06,2.01,0_5R,3185500.0,10.016634649735952,10.016605385132197,2.9264603755407848e-05,2.9216089313896458e-06,10.016634641224943,8.496874540675168e-10,166680659214.49194,0.0
67,1e-06,2.01,0_25R,1592750.0,5.535306546204763,5.53515495652306,0.00015158968170236875,2.738670965728314e-05,5.5353065411028055,9.217117500448354e-10,306727936908.2299,5.969637803314392e-16
67,1e-06,2.01,0_1R,637100.0,2.322420665598471,2.321440956810125,0.0009797087883463007,0.000422026149522455,2.3224206634538085,9.234600360854332e-10,354312510663.1081,6.890544862304821e-16
67,1e-06,2.01,100km,100000.0,0.4056818899351357,0.3658220012971751,0.03985988863796058,0.10895979054463825,0.4056818895955913,8.369720249057673e-10,363781327891.6022,4.513276458252699e-14
67,1e-06,2.01,1000km,1000000.0,3.6224612357902206,3.622066255311912,0.0003949804783087707,0.00010904838577414626,3.6224612324681504,9.170754250533863e-10,340352357149.6384,7.173172739117007e-16
68,1e-06,5.0,surface,6371000.0,9.820302300221833,9.820302300221863,-3.019806626980426e-14,-3.0750648347273395e-15,9.820302293385641,6.961284747298367e-10,0.0,0.0
68,1e-06,5.0,0_9R,5733900.0,10.013960831107822,10.01395872123657,2.1098712519318497e-06,2.106930246733944e-07,10.013960823504801,7.592420790790359e-10,22527160926.961266,0.0
68,1e-06,5.0,0_75R,4778250.0,9.937056195726882,9.937048674460394,7.5212664878421265e-06,7.568913803524817e-07,9.937056187507338,8.271608815849874e-10,66601077758.94766,0.0
68,1e-06,5.0,0_5R,3185500.0,10.016634649735952,10.016605385132197,2.9264603755407848e-05,2.9216089313896458e-06,10.016634641224943,8.496874540675168e-10,166680659214.49194,0.0
68,1e-06,5.0,0_25R,1592750.0,5.535306546204763,5.53515495652306,0.00015158968170236875,2.738670965728314e-05,5.5353065411028055,9.217117500448354e-10,306727936908.2299,5.969637803314392e-16
68,1e-06,5.0,0_1R,637100.0,2.3224206655984716,2.321440956810125,0.0009797087883467448,0.00042202614952264626,2.3224206634538085,9.23460227303681e-10,354312510663.1081,6.890544862304821e-16
68,1e-06,5.0,100km,100000.0,0.4056818899351356,0.3658220012971751,0.03985988863796047,0.10895979054463795,0.4056818895955913,8.369717512373948e-10,363781327891.5824,9.227888669289906e-15
68,1e-06,5.0,1000km,1000000.0,3.6224612357902206,3.622066255311912,0.0003949804783087707,0.00010904838577414626,3.6224612324681504,9.170754250533863e-10,340352357149.6384,7.173172739117007e-16
69,1e-06,10.0,surface,6371000.0,9.820302300221833,9.820302300221863,-3.019806626980426e-14,-3.0750648347273395e-15,9.820302293385641,6.961284747298367e-10,0.0,0.0
69,1e-06,10.0,0_9R,5733900.0,10.013960831107822,10.01395872123657,2.1098712519318497e-06,2.106930246733944e-07,10.013960823504801,7.592420790790359e-10,22527160926.961266,0.0
69,1e-06,10.0,0_75R,4778250.0,9.937056195726882,9.937048674460394,7.5212664878421265e-06,7.568913803524817e-07,9.937056187507338,8.271608815849874e-10,66601077758.94766,0.0
69,1e-06,10.0,0_5R,3185500.0,10.016634649735952,10.016605385132197,2.9264603755407848e-05,2.9216089313896458e-06,10.016634641224943,8.496874540675168e-10,166680659214.49194,0.0
69,1e-06,10.0,0_25R,1592750.0,5.535306546204763,5.53515495652306,0.00015158968170236875,2.738670965728314e-05,5.5353065411028055,9.217117500448354e-10,306727936908.2299,5.969637803314392e-16
69,1e-06,10.0,0_1R,637100.0,2.3224206655984716,2.321440956810125,0.0009797087883467448,0.00042202614952264626,2.3224206634538085,9.23460227303681e-10,354312510663.1081,6.890544862304821e-16
69,1e-06,10.0,100km,100000.0,0.4056818899351356,0.3658220012971751,0.03985988863796047,0.10895979054463795,0.4056818895955913,8.369717512373948e-10,363781327891.5977,3.7079334471146865e-14
69,1e-06,10.0,1000km,1000000.0,3.6224612357902206,3.622066255311912,0.0003949804783087707,0.00010904838577414626,3.6224612324681504,9.170754250533863e-10,340352357149.6384,7.173172739117007e-16
70,1e-06,100.0,surface,6371000.0,9.820302300221833,9.820302300221863,-3.019806626980426e-14,-3.0750648347273395e-15,9.820302293385641,6.961284747298367e-10,0.0,0.0
70,1e-06,100.0,0_9R,5733900.0,10.013960831107822,10.01395872123657,2.1098712519318497e-06,2.106930246733944e-07,10.013960823504801,7.592420790790359e-10,22527160926.961266,0.0
70,1e-06,100.0,0_75R,4778250.0,9.93705619572688,9.937048674460394,7.52126648606577e-06,7.568913801737207e-07,9.937056187507338,8.271607028241144e-10,66601077758.94766,0.0
70,1e-06,100.0,0_5R,3185500.0,10.016634649735952,10.016605385132197,2.9264603755407848e-05,2.9216089313896458e-06,10.016634641224943,8.496874540675168e-10,166680659214.49194,0.0
70,1e-06,100.0,0_25R,1592750.0,5.535306546204762,5.53515495652306,0.00015158968170148057,2.7386709657122683e-05,5.5353065411028055,9.217115895878828e-10,306727936908.2299,5.969637803314392e-16
70,1e-06,100.0,0_1R,637100.0,2.322420665598471,2.321440956810125,0.0009797087883463007,0.000422026149522455,2.3224206634538085,9.234600360854332e-10,354312510663.1081,6.890544862304821e-16
70,1e-06,100.0,100km,100000.0,0.4056818899351357,0.3658220012971751,0.03985988863796058,0.10895979054463825,0.4056818895955913,8.369720249057673e-10,363781327891.58575,3.858935261703066e-15
70,1e-06,100.0,1000km,1000000.0,3.6224612357902206,3.622066255311912,0.0003949804783087707,0.00010904838577414626,3.6224612324681504,9.170754250533863e-10,340352357149.6384,7.173172739117007e-16
71,1e-05,1.001,surface,6371000.0,9.820302300221588,9.820302300221863,-2.753353101070388e-13,-2.803735584604339e-14,9.820302293385641,6.96103512438808e-10,0.0,0.0
71,1e-05,1.001,0_9R,5733900.0,10.01397981994905,10.01395872123657,2.1098712480238646e-05,2.1069302428314064e-06,10.013979812346307,7.592129668978739e-10,22526978994.81396,1.6933905192095214e-16
71,1e-05,1.001,0_75R,4778250.0,9.937123887125264,9.937048674460394,7.521266486953948e-05,7.568913802631012e-06,9.937123878906036,8.271234277704863e-10,66600684031.06646,1.1455429688516716e-16
71,1e-05,1.001,0_5R,3185500.0,10.016898031169719,10.016605385132197,0.00029264603752210405,2.9216089310704316e-05,10.016898022659117,8.496245026812646e-10,166680907316.41953,1.8308982484158669e-16
71,1e-05,1.001,0_25R,1592750.0,5.536670853340079,5.53515495652306,0.0015158968170183584,0.0002738670965718687,5.53667084823849,9.214180551501274e-10,306738533025.3365,5.372488426857962e-15
71,1e-05,1.001,0_1R,637100.0,2.3312380446935945,2.321440956810125,0.009797087883469668,0.004220261495227419,2.3312380425492636,9.198249581985954e-10,354365310558.85736,6.889518181533511e-15
71,1e-05,1.001,100km,100000.0,0.764420887676304,0.3658220012971751,0.3985988863791289,1.0895979054450786,0.7644208873375827,4.4310834366614733e-10,364229309864.4563,3.572665614787336e-13
71,1e-05,1.001,1000km,1000000.0,3.6260160600950044,3.622066255311912,0.003949804783092592,0.0010904838577428112,3.6260160567732833,9.160800913116009e-10,340378950799.96344,7.351927610002748e-15
72,1e-05,1.005,surface,6371000.0,9.820302300221588,9.820302300221863,-2.753353101070388e-13,-2.803735584604339e-14,9.820302293385641,6.96103512438808e-10,0.0,0.0
72,1e-05,1.005,0_9R,5733900.0,10.01397981994905,10.01395872123657,2.1098712480238646e-05,2.1069302428314064e-06,10.013979812346307,7.592129668978739e-10,22526978994.81396,1.6933905192095214e-16
72,1e-05,1.005,0_75R,4778250.0,9.937123887125264,9.937048674460394,7.521266486953948e-05,7.568913802631012e-06,9.937123878906036,8.271234277704863e-10,66600684031.06646,1.1455429688516716e-16
72,1e-05,1.005,0_5R,3185500.0,10.016898031169719,10.016605385132197,0.00029264603752210405,2.9216089310704316e-05,10.016898022659117,8.496245026812646e-10,166680907316.41953,1.8308982484158669e-16
72,1e-05,1.005,0_25R,1592750.0,5.536670853340079,5.53515495652306,0.0015158968170183584,0.0002738670965718687,5.53667084823849,9.214180551501274e-10,306738533025.3365,5.372488426857962e-15
72,1e-05,1.005,0_1R,637100.0,2.331238044693595,2.321440956810125,0.009797087883470113,0.004220261495227611,2.3312380425492636,9.198251486936035e-10,354365310558.85736,6.889518181533511e-15
72,1e-05,1.005,100km,100000.0,0.7644208876763037,0.3658220012971751,0.39859888637912855,1.0895979054450777,0.7644208873375827,4.4310790795473113e-10,364229309864.4577,3.549205334014789e-13
72,1e-05,1.005,1000km,1000000.0,3.6260160600950044,3.622066255311912,0.003949804783092592,0.0010904838577428112,3.6260160567732833,9.160800913116009e-10,340378950799.96344,7.351927610002748e-15
73,1e-05,1.01,surface,6371000.0,9.82030230022159,9.820302300221863,-2.7355895326763857e-13,-2.7856469679294726e-14,9.820302293385641,6.961036933249749e-10,0.0,0.0
73,1e-05,1.01,0_9R,5733900.0,10.01397981994905,10.01395872123657,2.1098712480238646e-05,2.1069302428314064e-06,10.013979812346307,7.592129668978739e-10,22526978994.81396,1.6933905192095214e-16
73,1e-05,1.01,0_75R,4778250.0,9.937123887125264,9.937048674460394,7.521266486953948e-05,7.568913802631012e-06,9.937123878906036,8.271234277704863e-10,66600684031.06646,1.1455429688516716e-16
73,1e-05,1.01,0_5R,3185500.0,10.016898031169719,10.016605385132197,0.00029264603752210405,2.9216089310704316e-05,10.016898022659117,8.496245026812646e-10,166680907316.41953,1.8308982484158669e-16
73,1e-05,1.01,0_25R,1592750.0,5.536670853340079,5.53515495652306,0.0015158968170183584,0.0002738670965718687,5.53667084823849,9.214180551501274e-10,306738533025.3365,5.372488426857962e-15
73,1e-05,1.01,0_1R,637100.0,2.331238044693595,2.321440956810125,0.009797087883470113,0.004220261495227611,2.3312380425492636,9.198251486936035e-10,354365310558.85736,6.889518181533511e-15
73,1e-05,1.01,100km,100000.0,0.7644208876763037,0.3658220012971751,0.39859888637912855,1.0895979054450777,0.7644208873375827,4.4310790795473113e-10,364229309864.443,3.083351187246068e-13
73,1e-05,1.01,1000km,1000000.0,3.6260160600950044,3.622066255311912,0.003949804783092592,0.0010904838577428112,3.6260160567732833,9.160800913116009e-10,340378950799.96344,7.351927610002748e-15
74,1e-05,1.1,surface,6371000.0,9.820302300221588,9.820302300221863,-2.753353101070388e-13,-2.803735584604339e-14,9.820302293385641,6.96103512438808e-10,0.0,0.0
74,1e-05,1.1,0_9R,5733900.0,10.01397981994905,10.01395872123657,2.1098712480238646e-05,2.1069302428314064e-06,10.013979812346307,7.592129668978739e-10,22526978994.81396,1.6933905192095214e-16
74,1e-05,1.1,0_75R,4778250.0,9.937123887125264,9.937048674460394,7.521266486953948e-05,7.568913802631012e-06,9.937123878906036,8.271234277704863e-10,66600684031.06646,1.1455429688516716e-16
74,1e-05,1.1,0_5R,3185500.0,10.016898031169719,10.016605385132197,0.00029264603752210405,2.9216089310704316e-05,10.016898022659117,8.496245026812646e-10,166680907316.41953,1.8308982484158669e-16
74,1e-05,1.1,0_25R,1592750.0,5.536670853340079,5.53515495652306,0.0015158968170183584,0.0002738670965718687,5.53667084823849,9.214180551501274e-10,306738533025.3365,5.372488426857962e-15
74,1e-05,1.1,0_1R,637100.0,2.331238044693595,2.321440956810125,0.009797087883470113,0.004220261495227611,2.3312380425492636,9.198251486936035e-10,354365310558.85736,6.889518181533511e-15
74,1e-05,1.1,100km,100000.0,0.7644208876763037,0.3658220012971751,0.39859888637912855,1.0895979054450777,0.7644208873375827,4.4310790795473113e-10,364229309864.282,9.635472460144323e-14
74,1e-05,1.1,1000km,1000000.0,3.6260160600950044,3.622066255311912,0.003949804783092592,0.0010904838577428112,3.6260160567732833,9.160800913116009e-10,340378950799.96344,7.351927610002748e-15
75,1e-05,1.2042013330037094,surface,6371000.0,9.820302300221588,9.820302300221863,-2.753353101070388e-13,-2.803735584604339e-14,9.820302293385641,6.96103512438808e-10,0.0,0.0
75,1e-05,1.2042013330037094,0_9R,5733900.0,10.01397981994905,10.01395872123657,2.1098712480238646e-05,2.1069302428314064e-06,10.013979812346307,7.592129668978739e-10,22526978994.81396,1.6933905192095214e-16
75,1e-05,1.2042013330037094,0_75R,4778250.0,9.937123887125264,9.937048674460394,7.521266486953948e-05,7.568913802631012e-06,9.937123878906036,8.271234277704863e-10,66600684031.06646,1.1455429688516716e-16
75,1e-05,1.2042013330037094,0_5R,3185500.0,10.016898031169719,10.016605385132197,0.00029264603752210405,2.9216089310704316e-05,10.016898022659117,8.496245026812646e-10,166680907316.41953,1.8308982484158669e-16
75,1e-05,1.2042013330037094,0_25R,1592750.0,5.536670853340079,5.53515495652306,0.0015158968170183584,0.0002738670965718687,5.53667084823849,9.214180551501274e-10,306738533025.3365,5.372488426857962e-15
75,1e-05,1.2042013330037094,0_1R,637100.0,2.331238044693595,2.321440956810125,0.009797087883470113,0.004220261495227611,2.3312380425492636,9.198251486936035e-10,354365310558.85736,6.889518181533511e-15
75,1e-05,1.2042013330037094,100km,100000.0,0.7644208876763037,0.3658220012971751,0.39859888637912855,1.0895979054450777,0.7644208873375827,4.4310790795473113e-10,364229309864.37854,1.3255058636476318e-13
75,1e-05,1.2042013330037094,1000km,1000000.0,3.6260160600950044,3.622066255311912,0.003949804783092592,0.0010904838577428112,3.6260160567732833,9.160800913116009e-10,340378950799.96344,7.351927610002748e-15
76,1e-05,1.2163649828320298,surface,6371000.0,9.820302300221588,9.820302300221863,-2.753353101070388e-13,-2.803735584604339e-14,9.820302293385641,6.96103512438808e-10,0.0,0.0
76,1e-05,1.2163649828320298,0_9R,5733900.0,10.01397981994905,10.01395872123657,2.1098712480238646e-05,2.1069302428314064e-06,10.013979812346307,7.592129668978739e-10,22526978994.81396,1.6933905192095214e-16
76,1e-05,1.2163649828320298,0_75R,4778250.0,9.937123887125264,9.937048674460394,7.521266486953948e-05,7.568913802631012e-06,9.937123878906036,8.271234277704863e-10,66600684031.06646,1.1455429688516716e-16
76,1e-05,1.2163649828320298,0_5R,3185500.0,10.016898031169719,10.016605385132197,0.00029264603752210405,2.9216089310704316e-05,10.016898022659117,8.496245026812646e-10,166680907316.41953,1.8308982484158669e-16
76,1e-05,1.2163649828320298,0_25R,1592750.0,5.536670853340079,5.53515495652306,0.0015158968170183584,0.0002738670965718687,5.53667084823849,9.214180551501274e-10,306738533025.3365,5.372488426857962e-15
76,1e-05,1.2163649828320298,0_1R,637100.0,2.331238044693595,2.321440956810125,0.009797087883470113,0.004220261495227611,2.3312380425492636,9.198251486936035e-10,354365310558.85736,6.889518181533511e-15
76,1e-05,1.2163649828320298,100km,100000.0,0.7644208876763037,0.3658220012971751,0.39859888637912855,1.0895979054450777,0.7644208873375827,4.4310790795473113e-10,364229309864.3584,7.708377968115177e-14
76,1e-05,1.2163649828320298,1000km,1000000.0,3.6260160600950044,3.622066255311912,0.003949804783092592,0.0010904838577428112,3.6260160567732833,9.160800913116009e-10,340378950799.96344,7.351927610002748e-15
77,1e-05,1.2285286326603502,surface,6371000.0,9.820302300221588,9.820302300221863,-2.753353101070388e-13,-2.803735584604339e-14,9.820302293385641,6.96103512438808e-10,0.0,0.0
77,1e-05,1.2285286326603502,0_9R,5733900.0,10.01397981994905,10.01395872123657,2.1098712480238646e-05,2.1069302428314064e-06,10.013979812346307,7.592129668978739e-10,22526978994.81396,1.6933905192095214e-16
77,1e-05,1.2285286326603502,0_75R,4778250.0,9.937123887125264,9.937048674460394,7.521266486953948e-05,7.568913802631012e-06,9.937123878906036,8.271234277704863e-10,66600684031.06646,1.1455429688516716e-16
77,1e-05,1.2285286326603502,0_5R,3185500.0,10.016898031169719,10.016605385132197,0.00029264603752210405,2.9216089310704316e-05,10.016898022659117,8.496245026812646e-10,166680907316.41953,1.8308982484158669e-16
77,1e-05,1.2285286326603502,0_25R,1592750.0,5.536670853340079,5.53515495652306,0.0015158968170183584,0.0002738670965718687,5.53667084823849,9.214180551501274e-10,306738533025.3365,5.372488426857962e-15
77,1e-05,1.2285286326603502,0_1R,637100.0,2.3312380446935945,2.321440956810125,0.009797087883469668,0.004220261495227419,2.3312380425492636,9.198249581985954e-10,354365310558.85736,6.889518181533511e-15
77,1e-05,1.2285286326603502,100km,100000.0,0.764420887676304,0.3658220012971751,0.3985988863791289,1.0895979054450786,0.7644208873375827,4.4310834366614733e-10,364229309864.3763,1.4076168463514877e-13
77,1e-05,1.2285286326603502,1000km,1000000.0,3.6260160600950044,3.622066255311912,0.003949804783092592,0.0010904838577428112,3.6260160567732833,9.160800913116009e-10,340378950799.96344,7.351927610002748e-15
78,1e-05,1.5,surface,6371000.0,9.82030230022159,9.820302300221863,-2.7355895326763857e-13,-2.7856469679294726e-14,9.820302293385641,6.961036933249749e-10,0.0,0.0
78,1e-05,1.5,0_9R,5733900.0,10.01397981994905,10.01395872123657,2.1098712480238646e-05,2.1069302428314064e-06,10.013979812346307,7.592129668978739e-10,22526978994.81396,1.6933905192095214e-16
78,1e-05,1.5,0_75R,4778250.0,9.937123887125265,9.937048674460394,7.521266487131584e-05,7.568913802809773e-06,9.937123878906036,8.271236065301415e-10,66600684031.06646,1.1455429688516716e-16
78,1e-05,1.5,0_5R,3185500.0,10.016898031169719,10.016605385132197,0.00029264603752210405,2.9216089310704316e-05,10.016898022659117,8.496245026812646e-10,166680907316.41953,1.8308982484158669e-16
78,1e-05,1.5,0_25R,1592750.0,5.536670853340079,5.53515495652306,0.0015158968170183584,0.0002738670965718687,5.53667084823849,9.214180551501274e-10,306738533025.3365,5.372488426857962e-15
78,1e-05,1.5,0_1R,637100.0,2.3312380446935945,2.321440956810125,0.009797087883469668,0.004220261495227419,2.3312380425492636,9.198249581985954e-10,354365310558.85736,6.889518181533511e-15
78,1e-05,1.5,100km,100000.0,0.7644208876763037,0.3658220012971751,0.39859888637912855,1.0895979054450777,0.7644208873375827,4.4310790795473113e-10,364229309864.40924,2.1265068785952438e-13
78,1e-05,1.5,1000km,1000000.0,3.6260160600950044,3.622066255311912,0.003949804783092592,0.0010904838577428112,3.6260160567732833,9.160800913116009e-10,340378950799.96344,7.351927610002748e-15
79,1e-05,1.99,surface,6371000.0,9.82030230022159,9.820302300221863,-2.7355895326763857e-13,-2.7856469679294726e-14,9.820302293385641,6.961036933249749e-10,0.0,0.0
79,1e-05,1.99,0_9R,5733900.0,10.013979819949048,10.01395872123657,2.109871247846229e-05,2.106930242654018e-06,10.013979812346307,7.592127895101746e-10,22526978994.81396,1.6933905192095214e-16
79,1e-05,1.99,0_75R,4778250.0,9.937123887125264,9.937048674460394,7.521266486953948e-05,7.568913802631012e-06,9.937123878906036,8.271234277704863e-10,66600684031.06646,1.1455429688516716e-16
79,1e-05,1.99,0_5R,3185500.0,10.016898031169719,10.016605385132197,0.00029264603752210405,2.9216089310704316e-05,10.016898022659117,8.496245026812646e-10,166680907316.41953,1.8308982484158669e-16
79,1e-05,1.99,0_25R,1592750.0,5.536670853340079,5.53515495652306,0.0015158968170183584,0.0002738670965718687,5.53667084823849,9.214180551501274e-10,306738533025.3365,5.372488426857962e-15
79,1e-05,1.99,0_1R,637100.0,2.3312380446935945,2.321440956810125,0.009797087883469668,0.004220261495227419,2.3312380425492636,9.198249581985954e-10,354365310558.85736,6.889518181533511e-15
79,1e-05,1.99,100km,100000.0,0.7644208876763037,0.3658220012971751,0.39859888637912855,1.0895979054450777,0.7644208873375827,4.4310790795473113e-10,364229309864.1821,3.758672126626713e-13
79,1e-05,1.99,1000km,1000000.0,3.6260160600950044,3.622066255311912,0.003949804783092592,0.0010904838577428112,3.6260160567732833,9.160800913116009e-10,340378950799.96344,7.351927610002748e-15
80,1e-05,2.0,surface,6371000.0,9.820302300221588,9.820302300221863,-2.753353101070388e-13,-2.803735584604339e-14,9.820302293385641,6.96103512438808e-10,0.0,0.0
80,1e-05,2.0,0_9R,5733900.0,10.01397981994905,10.01395872123657,2.1098712480238646e-05,2.1069302428314064e-06,10.013979812346307,7.592129668978739e-10,22526978994.81396,1.6933905192095214e-16
80,1e-05,2.0,0_75R,4778250.0,9.937123887125264,9.937048674460394,7.521266486953948e-05,7.568913802631012e-06,9.937123878906036,8.271234277704863e-10,66600684031.06646,1.1455429688516716e-16
80,1e-05,2.0,0_5R,3185500.0,10.016898031169719,10.016605385132197,0.00029264603752210405,2.9216089310704316e-05,10.016898022659117,8.496245026812646e-10,166680907316.41953,1.8308982484158669e-16
80,1e-05,2.0,0_25R,1592750.0,5.536670853340079,5.53515495652306,0.0015158968170183584,0.0002738670965718687,5.53667084823849,9.214180551501274e-10,306738533025.3365,5.372488426857962e-15
80,1e-05,2.0,0_1R,637100.0,2.331238044693595,2.321440956810125,0.009797087883470113,0.004220261495227611,2.3312380425492636,9.198251486936035e-10,354365310558.85736,6.889518181533511e-15
80,1e-05,2.0,100km,100000.0,0.7644208876763037,0.3658220012971751,0.39859888637912855,1.0895979054450777,0.7644208873375827,4.4310790795473113e-10,364229309864.17346,4.40550558221187e-13
80,1e-05,2.0,1000km,1000000.0,3.6260160600950044,3.622066255311912,0.003949804783092592,0.0010904838577428112,3.6260160567732833,9.160800913116009e-10,340378950799.96344,7.351927610002748e-15
81,1e-05,2.01,surface,6371000.0,9.820302300221588,9.820302300221863,-2.753353101070388e-13,-2.803735584604339e-14,9.820302293385641,6.96103512438808e-10,0.0,0.0
81,1e-05,2.01,0_9R,5733900.0,10.01397981994905,10.01395872123657,2.1098712480238646e-05,2.1069302428314064e-06,10.013979812346307,7.592129668978739e-10,22526978994.81396,1.6933905192095214e-16
81,1e-05,2.01,0_75R,4778250.0,9.937123887125264,9.937048674460394,7.521266486953948e-05,7.568913802631012e-06,9.937123878906036,8.271234277704863e-10,66600684031.06646,1.1455429688516716e-16
81,1e-05,2.01,0_5R,3185500.0,10.016898031169719,10.016605385132197,0.00029264603752210405,2.9216089310704316e-05,10.016898022659117,8.496245026812646e-10,166680907316.41953,1.8308982484158669e-16
81,1e-05,2.01,0_25R,1592750.0,5.536670853340079,5.53515495652306,0.0015158968170183584,0.0002738670965718687,5.53667084823849,9.214180551501274e-10,306738533025.3365,5.372488426857962e-15
81,1e-05,2.01,0_1R,637100.0,2.331238044693595,2.321440956810125,0.009797087883470113,0.004220261495227611,2.3312380425492636,9.198251486936035e-10,354365310558.85736,6.889518181533511e-15
81,1e-05,2.01,100km,100000.0,0.7644208876763037,0.3658220012971751,0.39859888637912855,1.0895979054450777,0.7644208873375827,4.4310790795473113e-10,364229309864.1653,4.740652450390735e-13
81,1e-05,2.01,1000km,1000000.0,3.6260160600950044,3.622066255311912,0.003949804783092592,0.0010904838577428112,3.6260160567732833,9.160800913116009e-10,340378950799.96344,7.351927610002748e-15
82,1e-05,5.0,surface,6371000.0,9.820302300221588,9.820302300221863,-2.753353101070388e-13,-2.803735584604339e-14,9.820302293385641,6.96103512438808e-10,0.0,0.0
82,1e-05,5.0,0_9R,5733900.0,10.01397981994905,10.01395872123657,2.1098712480238646e-05,2.1069302428314064e-06,10.013979812346307,7.592129668978739e-10,22526978994.81396,1.6933905192095214e-16
82,1e-05,5.0,0_75R,4778250.0,9.937123887125264,9.937048674460394,7.521266486953948e-05,7.568913802631012e-06,9.937123878906036,8.271234277704863e-10,66600684031.06646,1.1455429688516716e-16
82,1e-05,5.0,0_5R,3185500.0,10.016898031169719,10.016605385132197,0.00029264603752210405,2.9216089310704316e-05,10.016898022659117,8.496245026812646e-10,166680907316.41953,1.8308982484158669e-16
82,1e-05,5.0,0_25R,1592750.0,5.536670853340079,5.53515495652306,0.0015158968170183584,0.0002738670965718687,5.53667084823849,9.214180551501274e-10,306738533025.3365,5.372488426857962e-15
82,1e-05,5.0,0_1R,637100.0,2.331238044693595,2.321440956810125,0.009797087883470113,0.004220261495227611,2.3312380425492636,9.198251486936035e-10,354365310558.8574,7.061756136071849e-15
82,1e-05,5.0,100km,100000.0,0.7644208876763037,0.3658220012971751,0.39859888637912855,1.0895979054450777,0.7644208873375827,4.4310790795473113e-10,364229309864.3556,9.853317924460558e-14
82,1e-05,5.0,1000km,1000000.0,3.6260160600950044,3.622066255311912,0.003949804783092592,0.0010904838577428112,3.6260160567732833,9.160800913116009e-10,340378950799.96344,7.351927610002748e-15
83,1e-05,10.0,surface,6371000.0,9.820302300221588,9.820302300221863,-2.753353101070388e-13,-2.803735584604339e-14,9.820302293385641,6.96103512438808e-10,0.0,0.0
83,1e-05,10.0,0_9R,5733900.0,10.01397981994905,10.01395872123657,2.1098712480238646e-05,2.1069302428314064e-06,10.013979812346307,7.592129668978739e-10,22526978994.81396,1.6933905192095214e-16
83,1e-05,10.0,0_75R,4778250.0,9.937123887125264,9.937048674460394,7.521266486953948e-05,7.568913802631012e-06,9.937123878906036,8.271234277704863e-10,66600684031.06646,1.1455429688516716e-16
83,1e-05,10.0,0_5R,3185500.0,10.016898031169719,10.016605385132197,0.00029264603752210405,2.9216089310704316e-05,10.016898022659117,8.496245026812646e-10,166680907316.41953,1.8308982484158669e-16
83,1e-05,10.0,0_25R,1592750.0,5.536670853340079,5.53515495652306,0.0015158968170183584,0.0002738670965718687,5.53667084823849,9.214180551501274e-10,306738533025.3365,5.372488426857962e-15
83,1e-05,10.0,0_1R,637100.0,2.331238044693595,2.321440956810125,0.009797087883470113,0.004220261495227611,2.3312380425492636,9.198251486936035e-10,354365310558.8574,7.061756136071849e-15
83,1e-05,10.0,100km,100000.0,0.7644208876763037,0.3658220012971751,0.39859888637912855,1.0895979054450777,0.7644208873375827,4.4310790795473113e-10,364229309864.33514,3.8374316406487394e-14
83,1e-05,10.0,1000km,1000000.0,3.6260160600950044,3.622066255311912,0.003949804783092592,0.0010904838577428112,3.6260160567732833,9.160800913116009e-10,340378950799.96344,7.351927610002748e-15
84,1e-05,100.0,surface,6371000.0,9.820302300221588,9.820302300221863,-2.753353101070388e-13,-2.803735584604339e-14,9.820302293385641,6.96103512438808e-10,0.0,0.0
84,1e-05,100.0,0_9R,5733900.0,10.01397981994905,10.01395872123657,2.1098712480238646e-05,2.1069302428314064e-06,10.013979812346307,7.592129668978739e-10,22526978994.81396,1.6933905192095214e-16
84,1e-05,100.0,0_75R,4778250.0,9.937123887125264,9.937048674460394,7.521266486953948e-05,7.568913802631012e-06,9.937123878906036,8.271234277704863e-10,66600684031.06646,1.1455429688516716e-16
84,1e-05,100.0,0_5R,3185500.0,10.016898031169719,10.016605385132197,0.00029264603752210405,2.9216089310704316e-05,10.016898022659117,8.496245026812646e-10,166680907316.41953,1.8308982484158669e-16
84,1e-05,100.0,0_25R,1592750.0,5.536670853340077,5.53515495652306,0.001515896817016582,0.00027386709657154775,5.53667084823849,9.214177343152994e-10,306738533025.3365,5.372488426857962e-15
84,1e-05,100.0,0_1R,637100.0,2.331238044693595,2.321440956810125,0.009797087883470113,0.004220261495227611,2.3312380425492636,9.198251486936035e-10,354365310558.8574,7.061756136071849e-15
84,1e-05,100.0,100km,100000.0,0.7644208876763037,0.3658220012971751,0.39859888637912855,1.0895979054450777,0.7644208873375827,4.4310790795473113e-10,364229309864.2752,1.876822461801888e-13
84,1e-05,100.0,1000km,1000000.0,3.6260160600950044,3.622066255311912,0.003949804783092592,0.0010904838577428112,3.6260160567732833,9.160800913116009e-10,340378950799.96344,7.351927610002748e-15
85,0.0001,1.001,surface,6371000.0,9.820302300219126,9.820302300221863,-2.737365889515786e-12,-2.787455829596959e-13,9.820302293385641,6.958528042115198e-10,0.0,0.0
85,0.0001,1.001,0_9R,5733900.0,10.01416970836132,10.01395872123657,0.0002109871247508721,2.106930242316981e-05,10.014169700761345,7.58922205927194e-10,22525159652.736492,1.8628800225519007e-15
85,0.0001,1.001,0_75R,4778250.0,9.937800801109104,9.937048674460394,0.0007521266487096057,7.568913802774021e-05,9.937800792893016,8.26751062658084e-10,66596746548.627335,5.728053491080977e-16
85,0.0001,1.001,0_5R,3185500.0,10.019531845507398,10.016605385132197,0.0029264603752015006,0.0002921608931050924,10.019531837000839,8.489976528973733e-10,166683386604.93164,2.3801323197573013e-15
85,0.0001,1.001,0_25R,1592750.0,5.550313924693219,5.53515495652306,0.015158968170158715,0.002738670965714194,5.550313919595338,9.184852068039719e-10,306844480973.1619,5.31095969758577e-14
85,0.0001,1.001,0_1R,637100.0,2.4194118356446483,2.321440956810125,0.09797087883452349,0.04220261495219959,2.419411833503814,8.84857280994661e-10,354893254086.9663,6.999656462239881e-14
85,0.0001,1.001,100km,100000.0,4.351810865040733,0.3658220012971751,3.9859888637435574,10.89597905432031,4.351810864757496,6.508475531931796e-11,368708682843.8895,3.691488830361455e-13
85,0.0001,1.001,1000km,1000000.0,3.661564303142783,3.622066255311912,0.0394980478308713,0.010904838577413032,3.661564299824604,9.062189799609374e-10,340644857942.6596,7.256601033271067e-14
86,0.0001,1.005,surface,6371000.0,9.820302300219126,9.820302300221863,-2.737365889515786e-12,-2.787455829596959e-13,9.820302293385641,6.958528042115198e-10,0.0,0.0
86,0.0001,1.005,0_9R,5733900.0,10.01416970836132,10.01395872123657,0.0002109871247508721,2.106930242316981e-05,10.014169700761345,7.58922205927194e-10,22525159652.736492,1.8628800225519007e-15
86,0.0001,1.005,0_75R,4778250.0,9.937800801109104,9.937048674460394,0.0007521266487096057,7.568913802774021e-05,9.937800792893016,8.26751062658084e-10,66596746548.627335,5.728053491080977e-16
86,0.0001,1.005,0_5R,3185500.0,10.019531845507398,10.016605385132197,0.0029264603752015006,0.0002921608931050924,10.019531837000839,8.489976528973733e-10,166683386604.93164,2.3801323197573013e-15
86,0.0001,1.005,0_25R,1592750.0,5.55031392469322,5.53515495652306,0.015158968170159604,0.0027386709657143543,5.550313919595338,9.184853668270684e-10,306844480973.1619,5.31095969758577e-14
86,0.0001,1.005,0_1R,637100.0,2.4194118356446483,2.321440956810125,0.09797087883452349,0.04220261495219959,2.419411833503814,8.84857280994661e-10,354893254086.9663,6.999656462239881e-14
86,0.0001,1.005,100km,100000.0,4.351810865040731,0.3658220012971751,3.9859888637435557,10.895979054320305,4.351810864757496,6.508434713134871e-11,368708682843.86365,2.8455916140767935e-13
86,0.0001,1.005,1000km,1000000.0,3.661564303142783,3.622066255311912,0.0394980478308713,0.010904838577413032,3.661564299824604,9.062189799609374e-10,340644857942.6596,7.256601033271067e-14
87,0.0001,1.01,surface,6371000.0,9.820302300219126,9.820302300221863,-2.737365889515786e-12,-2.787455829596959e-13,9.820302293385641,6.958528042115198e-10,0.0,0.0
87,0.0001,1.01,0_9R,5733900.0,10.014169708361319,10.01395872123657,0.00021098712474909576,2.106930242299242e-05,10.014169700761345,7.589220285428583e-10,22525159652.736492,1.8628800225519007e-15
87,0.0001,1.01,0_75R,4778250.0,9.937800801109104,9.937048674460394,0.0007521266487096057,7.568913802774021e-05,9.937800792893016,8.26751062658084e-10,66596746548.627335,5.728053491080977e-16
87,0.0001,1.01,0_5R,3185500.0,10.019531845507398,10.016605385132197,0.0029264603752015006,0.0002921608931050924,10.019531837000839,8.489976528973733e-10,166683386604.93164,2.3801323197573013e-15
87,0.0001,1.01,0_25R,1592750.0,5.55031392469322,5.53515495652306,0.015158968170159604,0.0027386709657143543,5.550313919595338,9.184853668270684e-10,306844480973.1619,5.31095969758577e-14
87,0.0001,1.01,0_1R,637100.0,2.4194118356446483,2.321440956810125,0.09797087883452349,0.04220261495219959,2.419411833503814,8.84857280994661e-10,354893254086.96625,6.982458289113985e-14
87,0.0001,1.01,100km,100000.0,4.351810865040732,0.3658220012971751,3.9859888637435565,10.895979054320307,4.351810864757496,6.508455122533334e-11,368708682843.736,1.2382213655202496e-13
87,0.0001,1.01,1000km,1000000.0,3.661564303142783,3.622066255311912,0.0394980478308713,0.010904838577413032,3.661564299824604,9.062189799609374e-10,340644857942.6596,7.256601033271067e-14
88,0.0001,1.1,surface,6371000.0,9.820302300219126,9.820302300221863,-2.737365889515786e-12,-2.787455829596959e-13,9.820302293385641,6.958528042115198e-10,0.0,0.0
88,0.0001,1.1,0_9R,5733900.0,10.014169708361319,10.01395872123657,0.00021098712474909576,2.106930242299242e-05,10.014169700761345,7.589220285428583e-10,22525159652.736492,1.8628800225519007e-15
88,0.0001,1.1,0_75R,4778250.0,9.937800801109104,9.937048674460394,0.0007521266487096057,7.568913802774021e-05,9.937800792893016,8.26751062658084e-10,66596746548.627335,5.728053491080977e-16
88,0.0001,1.1,0_5R,3185500.0,10.019531845507396,10.016605385132197,0.0029264603751997242,0.0002921608931049151,10.019531837000839,8.489974756079681e-10,166683386604.93164,2.3801323197573013e-15
88,0.0001,1.1,0_25R,1592750.0,5.550313924693219,5.53515495652306,0.015158968170158715,0.002738670965714194,5.550313919595338,9.184852068039719e-10,306844480973.1619,5.31095969758577e-14
88,0.0001,1.1,0_1R,637100.0,2.419411835644648,2.321440956810125,0.09797087883452305,0.042202614952199395,2.419411833503814,8.848570974421117e-10,354893254086.96625,6.982458289113985e-14
88,0.0001,1.1,100km,100000.0,4.351810865040732,0.3658220012971751,3.9859888637435565,10.895979054320307,4.351810864757496,6.508455122533334e-11,368708682844.1363,6.182829946813562e-13
88,0.0001,1.1,1000km,1000000.0,3.661564303142783,3.622066255311912,0.0394980478308713,0.010904838577413032,3.661564299824604,9.062189799609374e-10,340644857942.65967,7.27451856668655e-14
89,0.0001,1.2042013330037094,surface,6371000.0,9.820302300219126,9.820302300221863,-2.737365889515786e-12,-2.787455829596959e-13,9.820302293385641,6.958528042115198e-10,0.0,0.0
89,0.0001,1.2042013330037094,0_9R,5733900.0,10.01416970836132,10.01395872123657,0.0002109871247508721,2.106930242316981e-05,10.014169700761345,7.58922205927194e-10,22525159652.736492,1.8628800225519007e-15
89,0.0001,1.2042013330037094,0_75R,4778250.0,9.937800801109104,9.937048674460394,0.0007521266487096057,7.568913802774021e-05,9.937800792893016,8.26751062658084e-10,66596746548.627335,5.728053491080977e-16
89,0.0001,1.2042013330037094,0_5R,3185500.0,10.019531845507398,10.016605385132197,0.0029264603752015006,0.0002921608931050924,10.019531837000839,8.489976528973733e-10,166683386604.93164,2.3801323197573013e-15
89,0.0001,1.2042013330037094,0_25R,1592750.0,5.55031392469322,5.53515495652306,0.015158968170159604,0.0027386709657143543,5.550313919595338,9.184853668270684e-10,306844480973.1619,5.31095969758577e-14
89,0.0001,1.2042013330037094,0_1R,637100.0,2.4194118356446483,2.321440956810125,0.09797087883452349,0.04220261495219959,2.419411833503814,8.84857280994661e-10,354893254086.9661,6.948061942862191e-14
89,0.0001,1.2042013330037094,100km,100000.0,4.351810865040732,0.3658220012971751,3.9859888637435565,10.895979054320307,4.351810864757496,6.508455122533334e-11,368708682842.3316,3.990284226719773e-12
89,0.0001,1.2042013330037094,1000km,1000000.0,3.661564303142783,3.622066255311912,0.0394980478308713,0.010904838577413032,3.661564299824604,9.062189799609374e-10,340644857942.65967,7.27451856668655e-14
90,0.0001,1.2163649828320298,surface,6371000.0,9.820302300219126,9.820302300221863,-2.737365889515786e-12,-2.787455829596959e-13,9.820302293385641,6.958528042115198e-10,0.0,0.0
90,0.0001,1.2163649828320298,0_9R,5733900.0,10.014169708361319,10.01395872123657,0.00021098712474909576,2.106930242299242e-05,10.014169700761345,7.589220285428583e-10,22525159652.736492,1.8628800225519007e-15
90,0.0001,1.2163649828320298,0_75R,4778250.0,9.937800801109104,9.937048674460394,0.0007521266487096057,7.568913802774021e-05,9.937800792893016,8.26751062658084e-10,66596746548.627335,5.728053491080977e-16
90,0.0001,1.2163649828320298,0_5R,3185500.0,10.019531845507396,10.016605385132197,0.0029264603751997242,0.0002921608931049151,10.019531837000839,8.489974756079681e-10,166683386604.93164,2.3801323197573013e-15
90,0.0001,1.2163649828320298,0_25R,1592750.0,5.55031392469322,5.53515495652306,0.015158968170159604,0.0027386709657143543,5.550313919595338,9.184853668270684e-10,306844480973.1619,5.31095969758577e-14
90,0.0001,1.2163649828320298,0_1R,637100.0,2.4194118356446483,2.321440956810125,0.09797087883452349,0.04220261495219959,2.419411833503814,8.84857280994661e-10,354893254086.9661,6.948061942862191e-14
90,0.0001,1.2163649828320298,100km,100000.0,4.351810865040731,0.3658220012971751,3.9859888637435557,10.895979054320305,4.351810864757496,6.508434713134871e-11,368708682842.89594,2.7153135105110023e-12
90,0.0001,1.2163649828320298,1000km,1000000.0,3.661564303142783,3.622066255311912,0.0394980478308713,0.010904838577413032,3.661564299824604,9.062189799609374e-10,340644857942.65967,7.27451856668655e-14
91,0.0001,1.2285286326603502,surface,6371000.0,9.820302300219126,9.820302300221863,-2.737365889515786e-12,-2.787455829596959e-13,9.820302293385641,6.958528042115198e-10,0.0,0.0
91,0.0001,1.2285286326603502,0_9R,5733900.0,10.014169708361319,10.01395872123657,0.00021098712474909576,2.106930242299242e-05,10.014169700761345,7.589220285428583e-10,22525159652.736492,1.8628800225519007e-15
91,0.0001,1.2285286326603502,0_75R,4778250.0,9.937800801109104,9.937048674460394,0.0007521266487096057,7.568913802774021e-05,9.937800792893016,8.26751062658084e-10,66596746548.627335,5.728053491080977e-16
91,0.0001,1.2285286326603502,0_5R,3185500.0,10.019531845507398,10.016605385132197,0.0029264603752015006,0.0002921608931050924,10.019531837000839,8.489976528973733e-10,166683386604.93164,2.3801323197573013e-15
91,0.0001,1.2285286326603502,0_25R,1592750.0,5.55031392469322,5.53515495652306,0.015158968170159604,0.0027386709657143543,5.550313919595338,9.184853668270684e-10,306844480973.1619,5.31095969758577e-14
91,0.0001,1.2285286326603502,0_1R,637100.0,2.4194118356446483,2.321440956810125,0.09797087883452349,0.04220261495219959,2.419411833503814,8.84857280994661e-10,354893254086.9662,6.965260115988088e-14
91,0.0001,1.2285286326603502,100km,100000.0,4.351810865040733,0.3658220012971751,3.9859888637435574,10.89597905432031,4.351810864757496,6.508475531931796e-11,368708682845.4321,4.456769227794255e-12
91,0.0001,1.2285286326603502,1000km,1000000.0,3.661564303142783,3.622066255311912,0.0394980478308713,0.010904838577413032,3.661564299824604,9.062189799609374e-10,340644857942.65967,7.27451856668655e-14
92,0.0001,1.5,surface,6371000.0,9.820302300219126,9.820302300221863,-2.737365889515786e-12,-2.787455829596959e-13,9.820302293385641,6.958528042115198e-10,0.0,0.0
92,0.0001,1.5,0_9R,5733900.0,10.014169708361319,10.01395872123657,0.00021098712474909576,2.106930242299242e-05,10.014169700761345,7.589220285428583e-10,22525159652.736492,1.8628800225519007e-15
92,0.0001,1.5,0_75R,4778250.0,9.937800801109104,9.937048674460394,0.0007521266487096057,7.568913802774021e-05,9.937800792893016,8.26751062658084e-10,66596746548.627335,5.728053491080977e-16
92,0.0001,1.5,0_5R,3185500.0,10.019531845507398,10.016605385132197,0.0029264603752015006,0.0002921608931050924,10.019531837000839,8.489976528973733e-10,166683386604.93164,2.3801323197573013e-15
92,0.0001,1.5,0_25R,1592750.0,5.550313924693219,5.53515495652306,0.015158968170158715,0.002738670965714194,5.550313919595338,9.184852068039719e-10,306844480973.1619,5.31095969758577e-14
92,0.0001,1.5,0_1R,637100.0,2.4194118356446483,2.321440956810125,0.09797087883452349,0.04220261495219959,2.419411833503814,8.84857280994661e-10,354893254086.96606,6.930863769736296e-14
92,0.0001,1.5,100km,100000.0,4.351810865040733,0.3658220012971751,3.9859888637435574,10.89597905432031,4.351810864757496,6.508475531931796e-11,368708682844.04126,4.3966790732899914e-13
92,0.0001,1.5,1000km,1000000.0,3.661564303142783,3.622066255311912,0.0394980478308713,0.010904838577413032,3.661564299824604,9.062189799609374e-10,340644857942.65967,7.27451856668655e-14
93,0.0001,1.99,surface,6371000.0,9.820302300219126,9.820302300221863,-2.737365889515786e-12,-2.787455829596959e-13,9.820302293385641,6.958528042115198e-10,0.0,0.0
93,0.0001,1.99,0_9R,5733900.0,10.01416970836132,10.01395872123657,0.0002109871247508721,2.106930242316981e-05,10.014169700761345,7.58922205927194e-10,22525159652.736492,1.8628800225519007e-15
93,0.0001,1.99,0_75R,4778250.0,9.937800801109104,9.937048674460394,0.0007521266487096057,7.568913802774021e-05,9.937800792893016,8.26751062658084e-10,66596746548.627335,5.728053491080977e-16
93,0.0001,1.99,0_5R,3185500.0,10.019531845507398,10.016605385132197,0.0029264603752015006,0.0002921608931050924,10.019531837000839,8.489976528973733e-10,166683386604.93164,2.3801323197573013e-15
93,0.0001,1.99,0_25R,1592750.0,5.550313924693219,5.53515495652306,0.015158968170158715,0.002738670965714194,5.550313919595338,9.184852068039719e-10,306844480973.1619,5.31095969758577e-14
93,0.0001,1.99,0_1R,637100.0,2.4194118356446483,2.321440956810125,0.09797087883452349,0.04220261495219959,2.419411833503814,8.84857280994661e-10,354893254086.9663,6.999656462239881e-14
93,0.0001,1.99,100km,100000.0,4.351810865040732,0.3658220012971751,3.9859888637435565,10.895979054320307,4.351810864757496,6.508455122533334e-11,368708682845.28406,4.114437438503614e-12
93,0.0001,1.99,1000km,1000000.0,3.661564303142783,3.622066255311912,0.0394980478308713,0.010904838577413032,3.661564299824604,9.062189799609374e-10,340644857942.6596,7.256601033271067e-14
94,0.0001,2.0,surface,6371000.0,9.820302300219126,9.820302300221863,-2.737365889515786e-12,-2.787455829596959e-13,9.820302293385641,6.958528042115198e-10,0.0,0.0
94,0.0001,2.0,0_9R,5733900.0,10.01416970836132,10.01395872123657,0.0002109871247508721,2.106930242316981e-05,10.014169700761345,7.58922205927194e-10,22525159652.736492,1.8628800225519007e-15
94,0.0001,2.0,0_75R,4778250.0,9.937800801109104,9.937048674460394,0.0007521266487096057,7.568913802774021e-05,9.937800792893016,8.26751062658084e-10,66596746548.627335,5.728053491080977e-16
94,0.0001,2.0,0_5R,3185500.0,10.019531845507396,10.016605385132197,0.0029264603751997242,0.0002921608931049151,10.019531837000839,8.489974756079681e-10,166683386604.93164,2.3801323197573013e-15
94,0.0001,2.0,0_25R,1592750.0,5.550313924693219,5.53515495652306,0.015158968170158715,0.002738670965714194,5.550313919595338,9.184852068039719e-10,306844480973.1619,5.31095969758577e-14
94,0.0001,2.0,0_1R,637100.0,2.4194118356446483,2.321440956810125,0.09797087883452349,0.04220261495219959,2.419411833503814,8.84857280994661e-10,354893254086.9663,6.999656462239881e-14
94,0.0001,2.0,100km,100000.0,4.351810865040733,0.3658220012971751,3.9859888637435574,10.89597905432031,4.351810864757496,6.508475531931796e-11,368708682845.3311,4.025378201250078e-12
94,0.0001,2.0,1000km,1000000.0,3.661564303142783,3.622066255311912,0.0394980478308713,0.010904838577413032,3.661564299824604,9.062189799609374e-10,340644857942.6596,7.256601033271067e-14
95,0.0001,2.01,surface,6371000.0,9.820302300219126,9.820302300221863,-2.737365889515786e-12,-2.787455829596959e-13,9.820302293385641,6.958528042115198e-10,0.0,0.0
95,0.0001,2.01,0_9R,5733900.0,10.01416970836132,10.01395872123657,0.0002109871247508721,2.106930242316981e-05,10.014169700761345,7.58922205927194e-10,22525159652.736492,1.8628800225519007e-15
95,0.0001,2.01,0_75R,4778250.0,9.937800801109104,9.937048674460394,0.0007521266487096057,7.568913802774021e-05,9.937800792893016,8.26751062658084e-10,66596746548.627335,5.728053491080977e-16
95,0.0001,2.01,0_5R,3185500.0,10.019531845507398,10.016605385132197,0.0029264603752015006,0.0002921608931050924,10.019531837000839,8.489976528973733e-10,166683386604.93164,2.3801323197573013e-15
95,0.0001,2.01,0_25R,1592750.0,5.55031392469322,5.53515495652306,0.015158968170159604,0.0027386709657143543,5.550313919595338,9.184853668270684e-10,306844480973.1619,5.31095969758577e-14
95,0.0001,2.01,0_1R,637100.0,2.4194118356446483,2.321440956810125,0.09797087883452349,0.04220261495219959,2.419411833503814,8.84857280994661e-10,354893254086.9664,7.016854635365778e-14
95,0.0001,2.01,100km,100000.0,4.351810865040731,0.3658220012971751,3.9859888637435557,10.895979054320305,4.351810864757496,6.508434713134871e-11,368708682845.3495,4.018260083774266e-12
95,0.0001,2.01,1000km,1000000.0,3.661564303142783,3.622066255311912,0.0394980478308713,0.010904838577413032,3.661564299824604,9.062189799609374e-10,340644857942.6596,7.256601033271067e-14
96,0.0001,5.0,surface,6371000.0,9.820302300219126,9.820302300221863,-2.737365889515786e-12,-2.787455829596959e-13,9.820302293385641,6.958528042115198e-10,0.0,0.0
96,0.0001,5.0,0_9R,5733900.0,10.01416970836132,10.01395872123657,0.0002109871247508721,2.106930242316981e-05,10.014169700761345,7.58922205927194e-10,22525159652.736492,1.8628800225519007e-15
96,0.0001,5.0,0_75R,4778250.0,9.937800801109104,9.937048674460394,0.0007521266487096057,7.568913802774021e-05,9.937800792893016,8.26751062658084e-10,66596746548.627335,5.728053491080977e-16
96,0.0001,5.0,0_5R,3185500.0,10.019531845507398,10.016605385132197,0.0029264603752015006,0.0002921608931050924,10.019531837000839,8.489976528973733e-10,166683386604.93164,2.3801323197573013e-15
96,0.0001,5.0,0_25R,1592750.0,5.550313924693219,5.53515495652306,0.015158968170158715,0.002738670965714194,5.550313919595338,9.184852068039719e-10,306844480973.1619,5.31095969758577e-14
96,0.0001,5.0,0_1R,637100.0,2.419411835644648,2.321440956810125,0.09797087883452305,0.042202614952199395,2.419411833503814,8.848570974421117e-10,354893254086.9664,7.016854635365778e-14
96,0.0001,5.0,100km,100000.0,4.351810865040732,0.3658220012971751,3.9859888637435565,10.895979054320307,4.351810864757496,6.508455122533334e-11,368708682845.4831,4.197868396820178e-12
96,0.0001,5.0,1000km,1000000.0,3.661564303142783,3.622066255311912,0.0394980478308713,0.010904838577413032,3.661564299824604,9.062189799609374e-10,340644857942.65967,7.27451856668655e-14
97,0.0001,10.0,surface,6371000.0,9.820302300219126,9.820302300221863,-2.737365889515786e-12,-2.787455829596959e-13,9.820302293385641,6.958528042115198e-10,0.0,0.0
97,0.0001,10.0,0_9R,5733900.0,10.01416970836132,10.01395872123657,0.0002109871247508721,2.106930242316981e-05,10.014169700761345,7.58922205927194e-10,22525159652.736492,1.8628800225519007e-15
97,0.0001,10.0,0_75R,4778250.0,9.937800801109104,9.937048674460394,0.0007521266487096057,7.568913802774021e-05,9.937800792893016,8.26751062658084e-10,66596746548.627335,5.728053491080977e-16
97,0.0001,10.0,0_5R,3185500.0,10.019531845507398,10.016605385132197,0.0029264603752015006,0.0002921608931050924,10.019531837000839,8.489976528973733e-10,166683386604.93164,2.3801323197573013e-15
97,0.0001,10.0,0_25R,1592750.0,5.550313924693219,5.53515495652306,0.015158968170158715,0.002738670965714194,5.550313919595338,9.184852068039719e-10,306844480973.1619,5.31095969758577e-14
97,0.0001,10.0,0_1R,637100.0,2.419411835644648,2.321440956810125,0.09797087883452305,0.042202614952199395,2.419411833503814,8.848570974421117e-10,354893254086.96643,7.034052808491675e-14
97,0.0001,10.0,100km,100000.0,4.351810865040732,0.3658220012971751,3.9859888637435565,10.895979054320307,4.351810864757496,6.508455122533334e-11,368708682843.2981,1.8538557583494326e-12
97,0.0001,10.0,1000km,1000000.0,3.661564303142783,3.622066255311912,0.0394980478308713,0.010904838577413032,3.661564299824604,9.062189799609374e-10,340644857942.65967,7.27451856668655e-14
98,0.0001,100.0,surface,6371000.0,9.820302300219126,9.820302300221863,-2.737365889515786e-12,-2.787455829596959e-13,9.820302293385641,6.958528042115198e-10,0.0,0.0
98,0.0001,100.0,0_9R,5733900.0,10.014169708361319,10.01395872123657,0.00021098712474909576,2.106930242299242e-05,10.014169700761345,7.589220285428583e-10,22525159652.736492,1.8628800225519007e-15
98,0.0001,100.0,0_75R,4778250.0,9.937800801109104,9.937048674460394,0.0007521266487096057,7.568913802774021e-05,9.937800792893016,8.26751062658084e-10,66596746548.627335,5.728053491080977e-16
98,0.0001,100.0,0_5R,3185500.0,10.019531845507396,10.016605385132197,0.0029264603751997242,0.0002921608931049151,10.019531837000839,8.489974756079681e-10,166683386604.93164,2.3801323197573013e-15
98,0.0001,100.0,0_25R,1592750.0,5.550313924693219,5.53515495652306,0.015158968170158715,0.002738670965714194,5.550313919595338,9.184852068039719e-10,306844480973.1619,5.31095969758577e-14
98,0.0001,100.0,0_1R,637100.0,2.4194118356446483,2.321440956810125,0.09797087883452349,0.04220261495219959,2.419411833503814,8.84857280994661e-10,354893254086.966,6.913665596610399e-14
98,0.0001,100.0,100km,100000.0,4.351810865040731,0.3658220012971751,3.9859888637435557,10.895979054320305,4.351810864757496,6.508434713134871e-11,368708682842.817,2.879361287680957e-12
98,0.0001,100.0,1000km,1000000.0,3.661564303142783,3.622066255311912,0.0394980478308713,0.010904838577413032,3.661564299824604,9.062189799609374e-10,340644857942.6596,7.256601033271067e-14
99,0.001,1.001,surface,6371000.0,9.820302300194516,9.820302300221863,-2.7347013542566856e-11,-2.784742537095729e-12,9.820302293385641,6.933468072556393e-10,0.0,0.0
99,0.001,1.001,0_9R,5733900.0,10.01606859248407,10.01395872123657,0.0021098712474998393,0.00021069302423081117,10.016068584911727,7.560194589965554e-10,22506964171.502846,1.915232937374129e-14
99,0.001,1.001,0_75R,4778250.0,9.944569940947485,9.937048674460394,0.0075212664870907275,0.0007568913802768659,9.944569932762816,8.230289492585731e-10,66557351361.47224,5.8460727948826375e-15
99,0.001,1.001,0_5R,3185500.0,10.04586998888408,10.016605385132197,0.029264603751883556,0.0029216089310378007,10.045869980418068,8.427355627765897e-10,166708006413.6113,2.3797808165295094e-14
99,0.001,1.001,0_25R,1592750.0,5.686744638223505,5.53515495652306,0.15158968170044496,0.027386709656935584,5.686744633163812,8.897345380037063e-10,307902638127.7318,5.29072543911614e-13
99,0.001,1.001,0_1R,637100.0,3.3011497451369385,2.321440956810125,0.9797087883268136,0.4220261495140606,3.301149743049324,6.323901331915039e-10,360167146430.15424,6.914107518367567e-13
99,0.001,1.001,100km,100000.0,40.22571063395965,0.3658220012971751,39.859888632662475,108.9597905301555,40.225710638956635,-1.2422363907100795e-10,413457737840.91113,1.6736118594354913e-11
99,0.001,1.001,1000km,1000000.0,4.0170467336158815,3.622066255311912,0.39498047830396965,0.10904838577282076,4.017046730337813,8.160394198476005e-10,343300993314.61316,7.220013176725004e-13
100,0.001,1.005,surface,6371000.0,9.820302300194516,9.820302300221863,-2.7347013542566856e-11,-2.784742537095729e-12,9.820302293385641,6.933468072556393e-10,0.0,0.0
100,0.001,1.005,0_9R,5733900.0,10.01606859248407,10.01395872123657,0.0021098712474998393,0.00021069302423081117,10.016068584911727,7.560194589965554e-10,22506964171.502846,1.915232937374129e-14
100,0.001,1.005,0_75R,4778250.0,9.944569940947485,9.937048674460394,0.0075212664870907275,0.0007568913802768659,9.944569932762816,8.230289492585731e-10,66557351361.47224,5.8460727948826375e-15
100,0.001,1.005,0_5R,3185500.0,10.04586998888408,10.016605385132197,0.029264603751883556,0.0029216089310378007,10.045869980418068,8.427355627765897e-10,166708006413.6113,2.3797808165295094e-14
100,0.001,1.005,0_25R,1592750.0,5.686744638223505,5.53515495652306,0.15158968170044496,0.027386709656935584,5.686744633163812,8.897345380037063e-10,307902638127.7318,5.29072543911614e-13
100,0.001,1.005,0_1R,637100.0,3.3011497451369385,2.321440956810125,0.9797087883268136,0.4220261495140606,3.301149743049324,6.323901331915039e-10,360167146430.15393,6.905634347389176e-13
100,0.001,1.005,100km,100000.0,40.22571063395965,0.3658220012971751,39.859888632662475,108.9597905301555,40.225710638956635,-1.2422363907100795e-10,413457737841.27325,1.6070641910308278e-11
100,0.001,1.005,1000km,1000000.0,4.0170467336158815,3.622066255311912,0.39498047830396965,0.10904838577282076,4.017046730337813,8.160394198476005e-10,343300993314.61316,7.220013176725004e-13
101,0.001,1.01,surface,6371000.0,9.820302300194516,9.820302300221863,-2.7347013542566856e-11,-2.784742537095729e-12,9.820302293385641,6.933468072556393e-10,0.0,0.0
101,0.001,1.01,0_9R,5733900.0,10.01606859248407,10.01395872123657,0.0021098712474998393,0.00021069302423081117,10.016068584911727,7.560194589965554e-10,22506964171.502846,1.915232937374129e-14
101,0.001,1.01,0_75R,4778250.0,9.944569940947485,9.937048674460394,0.0075212664870907275,0.0007568913802768659,9.944569932762816,8.230289492585731e-10,66557351361.47224,5.8460727948826375e-15
101,0.001,1.01,0_5R,3185500.0,10.04586998888408,10.016605385132197,0.029264603751883556,0.0029216089310378007,10.045869980418068,8.427355627765897e-10,166708006413.6113,2.3797808165295094e-14
101,0.001,1.01,0_25R,1592750.0,5.686744638223504,5.53515495652306,0.15158968170044407,0.027386709656935425,5.686744633163812,8.897343818197247e-10,307902638127.7318,5.29072543911614e-13
101,0.001,1.01,0_1R,637100.0,3.3011497451369385,2.321440956810125,0.9797087883268136,0.4220261495140606,3.301149743049324,6.323901331915039e-10,360167146430.15356,6.897161176410785e-13
101,0.001,1.01,100km,100000.0,40.22571063395965,0.3658220012971751,39.859888632662475,108.9597905301555,40.225710638956635,-1.2422363907100795e-10,413457737855.5841,2.3711961696616265e-11
101,0.001,1.01,1000km,1000000.0,4.0170467336158815,3.622066255311912,0.39498047830396965,0.10904838577282076,4.017046730337813,8.160394198476005e-10,343300993314.61316,7.220013176725004e-13
102,0.001,1.1,surface,6371000.0,9.820302300194516,9.820302300221863,-2.7347013542566856e-11,-2.784742537095729e-12,9.820302293385641,6.933468072556393e-10,0.0,0.0
102,0.001,1.1,0_9R,5733900.0,10.01606859248407,10.01395872123657,0.0021098712474998393,0.00021069302423081117,10.016068584911727,7.560194589965554e-10,22506964171.502846,1.915232937374129e-14
102,0.001,1.1,0_75R,4778250.0,9.944569940947485,9.937048674460394,0.0075212664870907275,0.0007568913802768659,9.944569932762816,8.230289492585731e-10,66557351361.47224,5.8460727948826375e-15
102,0.001,1.1,0_5R,3185500.0,10.04586998888408,10.016605385132197,0.029264603751883556,0.0029216089310378007,10.045869980418068,8.427355627765897e-10,166708006413.6113,2.3797808165295094e-14
102,0.001,1.1,0_25R,1592750.0,5.686744638223505,5.53515495652306,0.15158968170044496,0.027386709656935584,5.686744633163812,8.897345380037063e-10,307902638127.7318,5.29072543911614e-13
102,0.001,1.1,0_1R,637100.0,3.3011497451369385,2.321440956810125,0.9797087883268136,0.4220261495140606,3.301149743049324,6.323901331915039e-10,360167146430.15356,6.900550444802143e-13
102,0.001,1.1,100km,100000.0,40.22571063395966,0.3658220012971751,39.85988863266248,108.95979053015552,40.225710638956635,-1.2422346243205627e-10,413457737830.5915,3.5826648820199116e-11
102,0.001,1.1,1000km,1000000.0,4.0170467336158815,3.622066255311912,0.39498047830396965,0.10904838577282076,4.017046730337813,8.160394198476005e-10,343300993314.6129,7.21290161486662e-13
103,0.001,1.2042013330037094,surface,6371000.0,9.820302300194516,9.820302300221863,-2.7347013542566856e-11,-2.784742537095729e-12,9.820302293385641,6.933468072556393e-10,0.0,0.0
103,0.001,1.2042013330037094,0_9R,5733900.0,10.01606859248407,10.01395872123657,0.0021098712474998393,0.00021069302423081117,10.016068584911727,7.560194589965554e-10,22506964171.502846,1.915232937374129e-14
103,0.001,1.2042013330037094,0_75R,4778250.0,9.944569940947485,9.937048674460394,0.0075212664870907275,0.0007568913802768659,9.944569932762816,8.230289492585731e-10,66557351361.47224,5.8460727948826375e-15
103,0.001,1.2042013330037094,0_5R,3185500.0,10.04586998888408,10.016605385132197,0.029264603751883556,0.0029216089310378007,10.045869980418068,8.427355627765897e-10,166708006413.6113,2.3797808165295094e-14
103,0.001,1.2042013330037094,0_25R,1592750.0,5.686744638223505,5.53515495652306,0.15158968170044496,0.027386709656935584,5.686744633163812,8.897345380037063e-10,307902638127.7318,5.29072543911614e-13
103,0.001,1.2042013330037094,0_1R,637100.0,3.3011497451369385,2.321440956810125,0.9797087883268136,0.4220261495140606,3.301149743049324,6.323901331915039e-10,360167146430.1511,6.827681174387972e-13
103,0.001,1.2042013330037094,100km,100000.0,40.22571063395966,0.3658220012971751,39.85988863266248,108.95979053015552,40.225710638956635,-1.2422346243205627e-10,413457737866.01245,4.342663465062143e-11
103,0.001,1.2042013330037094,1000km,1000000.0,4.0170467336158815,3.622066255311912,0.39498047830396965,0.10904838577282076,4.017046730337813,8.160394198476005e-10,343300993314.6126,7.204012162543639e-13
104,0.001,1.2163649828320298,surface,6371000.0,9.820302300194516,9.820302300221863,-2.7347013542566856e-11,-2.784742537095729e-12,9.820302293385641,6.933468072556393e-10,0.0,0.0
104,0.001,1.2163649828320298,0_9R,5733900.0,10.01606859248407,10.01395872123657,0.0021098712474998393,0.00021069302423081117,10.016068584911727,7.560194589965554e-10,22506964171.502846,1.915232937374129e-14
104,0.001,1.2163649828320298,0_75R,4778250.0,9.944569940947485,9.937048674460394,0.0075212664870907275,0.0007568913802768659,9.944569932762816,8.230289492585731e-10,66557351361.47224,5.8460727948826375e-15
104,0.001,1.2163649828320298,0_5R,3185500.0,10.04586998888408,10.016605385132197,0.029264603751883556,0.0029216089310378007,10.045869980418068,8.427355627765897e-10,166708006413.6113,2.3797808165295094e-14
104,0.001,1.2163649828320298,0_25R,1592750.0,5.686744638223504,5.53515495652306,0.15158968170044407,0.027386709656935425,5.686744633163812,8.897343818197247e-10,307902638127.7318,5.29072543911614e-13
104,0.001,1.2163649828320298,0_1R,637100.0,3.3011497451369385,2.321440956810125,0.9797087883268136,0.4220261495140606,3.301149743049324,6.323901331915039e-10,360167146430.152,6.858184589910187e-13
104,0.001,1.2163649828320298,100km,100000.0,40.225710633959665,0.3658220012971751,39.85988863266249,108.95979053015554,40.225710638956635,-1.2422328579310459e-10,413457737865.709,5.0856856021473816e-11
104,0.001,1.2163649828320298,1000km,1000000.0,4.0170467336158815,3.622066255311912,0.39498047830396965,0.10904838577282076,4.017046730337813,8.160394198476005e-10,343300993314.6126,7.204012162543639e-13
105,0.001,1.2285286326603502,surface,6371000.0,9.820302300194516,9.820302300221863,-2.7347013542566856e-11,-2.784742537095729e-12,9.820302293385641,6.933468072556393e-10,0.0,0.0
105,0.001,1.2285286326603502,0_9R,5733900.0,10.01606859248407,10.01395872123657,0.0021098712474998393,0.00021069302423081117,10.016068584911727,7.560194589965554e-10,22506964171.502846,1.915232937374129e-14
105,0.001,1.2285286326603502,0_75R,4778250.0,9.944569940947485,9.937048674460394,0.0075212664870907275,0.0007568913802768659,9.944569932762816,8.230289492585731e-10,66557351361.47224,5.8460727948826375e-15
105,0.001,1.2285286326603502,0_5R,3185500.0,10.04586998888408,10.016605385132197,0.029264603751883556,0.0029216089310378007,10.045869980418068,8.427355627765897e-10,166708006413.6113,2.3797808165295094e-14
105,0.001,1.2285286326603502,0_25R,1592750.0,5.686744638223505,5.53515495652306,0.15158968170044496,0.027386709656935584,5.686744633163812,8.897345380037063e-10,307902638127.7318,5.29072543911614e-13
105,0.001,1.2285286326603502,0_1R,637100.0,3.3011497451369385,2.321440956810125,0.9797087883268136,0.4220261495140606,3.301149743049324,6.323901331915039e-10,360167146430.1543,6.920886055150284e-13
105,0.001,1.2285286326603502,100km,100000.0,40.225710633959665,0.3658220012971751,39.85988863266249,108.95979053015554,40.225710638956635,-1.2422328579310459e-10,413457737835.083,3.021955013100671e-11
105,0.001,1.2285286326603502,1000km,1000000.0,4.0170467336158815,3.622066255311912,0.39498047830396965,0.10904838577282076,4.017046730337813,8.160394198476005e-10,343300993314.6127,7.205790053008235e-13
106,0.001,1.5,surface,6371000.0,9.820302300194516,9.820302300221863,-2.7347013542566856e-11,-2.784742537095729e-12,9.820302293385641,6.933468072556393e-10,0.0,0.0
106,0.001,1.5,0_9R,5733900.0,10.01606859248407,10.01395872123657,0.0021098712474998393,0.00021069302423081117,10.016068584911727,7.560194589965554e-10,22506964171.502846,1.915232937374129e-14
106,0.001,1.5,0_75R,4778250.0,9.944569940947485,9.937048674460394,0.0075212664870907275,0.0007568913802768659,9.944569932762816,8.230289492585731e-10,66557351361.47224,5.8460727948826375e-15
106,0.001,1.5,0_5R,3185500.0,10.04586998888408,10.016605385132197,0.029264603751883556,0.0029216089310378007,10.045869980418068,8.427355627765897e-10,166708006413.6113,2.3797808165295094e-14
106,0.001,1.5,0_25R,1592750.0,5.686744638223504,5.53515495652306,0.15158968170044407,0.027386709656935425,5.686744633163812,8.897343818197247e-10,307902638127.7318,5.29072543911614e-13
106,0.001,1.5,0_1R,637100.0,3.3011497451369385,2.321440956810125,0.9797087883268136,0.4220261495140606,3.301149743049324,6.323901331915039e-10,360167146430.1503,6.809040198235513e-13
106,0.001,1.5,100km,100000.0,40.225710633959665,0.3658220012971751,39.85988863266249,108.95979053015554,40.225710638956635,-1.2422328579310459e-10,413457737844.4151,7.056296694216538e-14
106,0.001,1.5,1000km,1000000.0,4.0170467336158815,3.622066255311912,0.39498047830396965,0.10904838577282076,4.017046730337813,8.160394198476005e-10,343300993314.6129,7.21290161486662e-13
107,0.001,1.99,surface,6371000.0,9.820302300194516,9.820302300221863,-2.7347013542566856e-11,-2.784742537095729e-12,9.820302293385641,6.933468072556393e-10,0.0,0.0
107,0.001,1.99,0_9R,5733900.0,10.01606859248407,10.01395872123657,0.0021098712474998393,0.00021069302423081117,10.016068584911727,7.560194589965554e-10,22506964171.502846,1.915232937374129e-14
107,0.001,1.99,0_75R,4778250.0,9.944569940947485,9.937048674460394,0.0075212664870907275,0.0007568913802768659,9.944569932762816,8.230289492585731e-10,66557351361.47224,5.8460727948826375e-15
107,0.001,1.99,0_5R,3185500.0,10.04586998888408,10.016605385132197,0.029264603751883556,0.0029216089310378007,10.045869980418068,8.427355627765897e-10,166708006413.6113,2.3797808165295094e-14
107,0.001,1.99,0_25R,1592750.0,5.686744638223504,5.53515495652306,0.15158968170044407,0.027386709656935425,5.686744633163812,8.897343818197247e-10,307902638127.7318,5.29072543911614e-13
107,0.001,1.99,0_1R,637100.0,3.3011497451369385,2.321440956810125,0.9797087883268136,0.4220261495140606,3.301149743049324,6.323901331915039e-10,360167146430.1526,6.87513093186697e-13
107,0.001,1.99,100km,100000.0,40.22571063395965,0.3658220012971751,39.859888632662475,108.9597905301555,40.225710638956635,-1.2422363907100795e-10,413457737839.7691,1.9787597861398463e-11
107,0.001,1.99,1000km,1000000.0,4.0170467336158815,3.622066255311912,0.39498047830396965,0.10904838577282076,4.017046730337813,8.160394198476005e-10,343300993314.61285,7.211123724402024e-13
108,0.001,2.0,surface,6371000.0,9.820302300194516,9.820302300221863,-2.7347013542566856e-11,-2.784742537095729e-12,9.820302293385641,6.933468072556393e-10,0.0,0.0
108,0.001,2.0,0_9R,5733900.0,10.01606859248407,10.01395872123657,0.0021098712474998393,0.00021069302423081117,10.016068584911727,7.560194589965554e-10,22506964171.502846,1.915232937374129e-14
108,0.001,2.0,0_75R,4778250.0,9.944569940947485,9.937048674460394,0.0075212664870907275,0.0007568913802768659,9.944569932762816,8.230289492585731e-10,66557351361.47224,5.8460727948826375e-15
108,0.001,2.0,0_5R,3185500.0,10.04586998888408,10.016605385132197,0.029264603751883556,0.0029216089310378007,10.045869980418068,8.427355627765897e-10,166708006413.6113,2.3797808165295094e-14
108,0.001,2.0,0_25R,1592750.0,5.686744638223504,5.53515495652306,0.15158968170044407,0.027386709656935425,5.686744633163812,8.897343818197247e-10,307902638127.7318,5.29072543911614e-13
108,0.001,2.0,0_1R,637100.0,3.3011497451369385,2.321440956810125,0.9797087883268136,0.4220261495140606,3.301149743049324,6.323901331915039e-10,360167146430.15295,6.88529873704104e-13
108,0.001,2.0,100km,100000.0,40.22571063395964,0.3658220012971751,39.85988863266247,108.95979053015547,40.225710638956635,-1.2422381570995963e-10,413457737835.4918,3.050741160698488e-11
108,0.001,2.0,1000km,1000000.0,4.0170467336158815,3.622066255311912,0.39498047830396965,0.10904838577282076,4.017046730337813,8.160394198476005e-10,343300993314.61285,7.211123724402024e-13
109,0.001,2.01,surface,6371000.0,9.820302300194516,9.820302300221863,-2.7347013542566856e-11,-2.784742537095729e-12,9.820302293385641,6.933468072556393e-10,0.0,0.0
109,0.001,2.01,0_9R,5733900.0,10.01606859248407,10.01395872123657,0.0021098712474998393,0.00021069302423081117,10.016068584911727,7.560194589965554e-10,22506964171.502846,1.915232937374129e-14
109,0.001,2.01,0_75R,4778250.0,9.944569940947485,9.937048674460394,0.0075212664870907275,0.0007568913802768659,9.944569932762816,8.230289492585731e-10,66557351361.47224,5.8460727948826375e-15
109,0.001,2.01,0_5R,3185500.0,10.04586998888408,10.016605385132197,0.029264603751883556,0.0029216089310378007,10.045869980418068,8.427355627765897e-10,166708006413.6113,2.3797808165295094e-14
109,0.001,2.01,0_25R,1592750.0,5.686744638223505,5.53515495652306,0.15158968170044496,0.027386709656935584,5.686744633163812,8.897345380037063e-10,307902638127.7318,5.29072543911614e-13
109,0.001,2.01,0_1R,637100.0,3.3011497451369385,2.321440956810125,0.9797087883268136,0.4220261495140606,3.301149743049324,6.323901331915039e-10,360167146430.1534,6.895466542215109e-13
109,0.001,2.01,100km,100000.0,40.22571063395965,0.3658220012971751,39.859888632662475,108.9597905301555,40.225710638956635,-1.2422363907100795e-10,413457737831.20874,3.907092146537882e-11
109,0.001,2.01,1000km,1000000.0,4.0170467336158815,3.622066255311912,0.39498047830396965,0.10904838577282076,4.017046730337813,8.160394198476005e-10,343300993314.61285,7.211123724402024e-13
110,0.001,5.0,surface,6371000.0,9.820302300194516,9.820302300221863,-2.7347013542566856e-11,-2.784742537095729e-12,9.820302293385641,6.933468072556393e-10,0.0,0.0
110,0.001,5.0,0_9R,5733900.0,10.01606859248407,10.01395872123657,0.0021098712474998393,0.00021069302423081117,10.016068584911727,7.560194589965554e-10,22506964171.502846,1.915232937374129e-14
110,0.001,5.0,0_75R,4778250.0,9.944569940947487,9.937048674460394,0.007521266487092504,0.0007568913802770445,9.944569932762816,8.23029127884381e-10,66557351361.47224,5.8460727948826375e-15
110,0.001,5.0,0_5R,3185500.0,10.04586998888408,10.016605385132197,0.029264603751883556,0.0029216089310378007,10.045869980418068,8.427355627765897e-10,166708006413.6113,2.3797808165295094e-14
110,0.001,5.0,0_25R,1592750.0,5.686744638223505,5.53515495652306,0.15158968170044496,0.027386709656935584,5.686744633163812,8.897345380037063e-10,307902638127.7318,5.29072543911614e-13
110,0.001,5.0,0_1R,637100.0,3.3011497451369385,2.321440956810125,0.9797087883268136,0.4220261495140606,3.301149743049324,6.323901331915039e-10,360167146430.15265,6.876825566062648e-13
110,0.001,5.0,100km,100000.0,40.22571063395965,0.3658220012971751,39.859888632662475,108.9597905301555,40.225710638956635,-1.2422363907100795e-10,413457737853.5717,1.59250873383684e-11
110,0.001,5.0,1000km,1000000.0,4.0170467336158815,3.622066255311912,0.39498047830396965,0.10904838577282076,4.017046730337813,8.160394198476005e-10,343300993314.6128,7.209345833937427e-13
111,0.001,10.0,surface,6371000.0,9.820302300194516,9.820302300221863,-2.7347013542566856e-11,-2.784742537095729e-12,9.820302293385641,6.933468072556393e-10,0.0,0.0
111,0.001,10.0,0_9R,5733900.0,10.01606859248407,10.01395872123657,0.0021098712474998393,0.00021069302423081117,10.016068584911727,7.560194589965554e-10,22506964171.502846,1.915232937374129e-14
111,0.001,10.0,0_75R,4778250.0,9.944569940947487,9.937048674460394,0.007521266487092504,0.0007568913802770445,9.944569932762816,8.23029127884381e-10,66557351361.47224,5.8460727948826375e-15
111,0.001,10.0,0_5R,3185500.0,10.04586998888408,10.016605385132197,0.029264603751883556,0.0029216089310378007,10.045869980418068,8.427355627765897e-10,166708006413.6113,2.3797808165295094e-14
111,0.001,10.0,0_25R,1592750.0,5.686744638223505,5.53515495652306,0.15158968170044496,0.027386709656935584,5.686744633163812,8.897345380037063e-10,307902638127.7318,5.29072543911614e-13
111,0.001,10.0,0_1R,637100.0,3.3011497451369385,2.321440956810125,0.9797087883268136,0.4220261495140606,3.301149743049324,6.323901331915039e-10,360167146430.14996,6.803956295648481e-13
111,0.001,10.0,100km,100000.0,40.22571063395965,0.3658220012971751,39.859888632662475,108.9597905301555,40.225710638956635,-1.2422363907100795e-10,413457737836.0884,2.5655100470318295e-11
111,0.001,10.0,1000km,1000000.0,4.0170467336158815,3.622066255311912,0.39498047830396965,0.10904838577282076,4.017046730337813,8.160394198476005e-10,343300993314.6127,7.205790053008235e-13
112,0.001,100.0,surface,6371000.0,9.820302300194516,9.820302300221863,-2.7347013542566856e-11,-2.784742537095729e-12,9.820302293385641,6.933468072556393e-10,0.0,0.0
112,0.001,100.0,0_9R,5733900.0,10.01606859248407,10.01395872123657,0.0021098712474998393,0.00021069302423081117,10.016068584911727,7.560194589965554e-10,22506964171.502846,1.915232937374129e-14
112,0.001,100.0,0_75R,4778250.0,9.944569940947485,9.937048674460394,0.0075212664870907275,0.0007568913802768659,9.944569932762816,8.230289492585731e-10,66557351361.47224,5.8460727948826375e-15
112,0.001,100.0,0_5R,3185500.0,10.04586998888408,10.016605385132197,0.029264603751883556,0.0029216089310378007,10.045869980418068,8.427355627765897e-10,166708006413.6113,2.3797808165295094e-14
112,0.001,100.0,0_25R,1592750.0,5.686744638223505,5.53515495652306,0.15158968170044496,0.027386709656935584,5.686744633163812,8.897345380037063e-10,307902638127.7318,5.29072543911614e-13
112,0.001,100.0,0_1R,637100.0,3.3011497451369385,2.321440956810125,0.9797087883268136,0.4220261495140606,3.301149743049324,6.323901331915039e-10,360167146430.1504,6.809040198235511e-13
112,0.001,100.0,100km,100000.0,40.22571063395964,0.3658220012971751,39.85988863266247,108.95979053015547,40.225710638956635,-1.2422381570995963e-10,413457737850.049,1.240535340371976e-11
112,0.001,100.0,1000km,1000000.0,4.0170467336158815,3.622066255311912,0.39498047830396965,0.10904838577282076,4.017046730337813,8.160394198476005e-10,343300993314.6131,7.218235286260408e-13
